group,cell_type,side,layer,depth,depth_bin,n_cells,superclass,in_analysis,active,rate_hz,auc_change_64,auc_change_65,auc_during_64,auc_during_65,seed_r,pol_64,pol_65,rate_L,rate_R,rate_FWD,rate_STATIC,fwd_between,carries,pol_agree
0,T4a,L,0,0.0,0,835,ol_intrinsic,True,True,12.33082935842826,0.9924242424242424,0.9924242424242424,1.0,1.0,0.9987207846034541,-1.0,-1.0,0.35900199600804017,0.16790419161674636,0.251616766467032,0.25900199600785834,True,True,True
1,T4a,R,0,0.0,0,849,ol_intrinsic,True,True,13.69234309028647,0.9848484848484849,0.9848484848484849,0.9696969696969697,0.9696969696969697,0.999512361332599,-1.0,-1.0,0.38138987043579015,0.17640361209267513,0.30865724381630266,0.2827836670592357,True,True,True
2,T4b,L,0,0.0,0,844,ol_intrinsic,True,True,13.337867806257814,0.9545454545454546,0.9545454545454546,1.0,1.0,0.9991370611412929,1.0,1.0,0.17282780410738877,0.397729067930383,0.3082543443917833,0.28815165876779547,True,True,True
3,T4b,R,0,0.0,0,846,ol_intrinsic,True,True,14.173574794813428,0.9621212121212122,0.9621212121212122,0.9848484848484849,0.9924242424242424,0.9986621002331229,1.0,1.0,0.1855791962175014,0.41916863672183047,0.2880614657211178,0.30884554767536654,True,True,True
4,T5a,L,0,0.0,0,826,ol_intrinsic,True,True,7.405908189460594,0.9545454545454546,0.9621212121212122,1.0,1.0,0.9995201567809711,-1.0,-1.0,0.22437449556094483,0.09521791767550289,0.14973769168686885,0.14745762711862276,True,True,True
5,T5a,R,0,0.0,0,838,ol_intrinsic,True,True,6.030412501651661,0.9848484848484849,0.9848484848484849,0.9924242424242424,0.9924242424242424,0.9992336464380681,-1.0,-1.0,0.1722354813046915,0.07317024661894038,0.1342482100238764,0.12271280827367263,True,True,True
6,T5b,L,0,0.0,0,863,ol_intrinsic,True,True,8.073241362830142,0.9696969696969697,0.9848484848484849,1.0,1.0,0.9989715929198196,1.0,1.0,0.0875241405948259,0.2631517960602726,0.18791039011198618,0.17172653534183457,True,True,True
7,T5b,R,0,0.0,0,852,ol_intrinsic,True,True,6.9208526343507275,0.9924242424242424,0.9924242424242424,1.0,1.0,0.9982024185359276,1.0,1.0,0.08575899843505491,0.210993740219097,0.136815336463178,0.14706572769952875,True,True,True
8,C3,L,1,1.0248027057497182,1,887,ol_intrinsic,True,True,3.222233735594679,1.0,1.0,1.0,1.0,0.9510546462618996,-1.0,-1.0,0.08293874483276795,0.04633596392333743,0.06459977452085847,0.06544532130777346,True,True,True
9,C3,R,1,1.0145739910313902,1,892,ol_intrinsic,True,True,3.320275959819665,0.9848484848484849,0.9848484848484849,1.0,1.0,0.9670578382685959,-1.0,-1.0,0.08363228699549836,0.049402092675647206,0.07081464872943191,0.06649850523167894,True,True,True
10,TmY20,L,1,1.0,1,176,ol_intrinsic,True,True,7.375524220415316,0.9924242424242424,1.0,1.0,1.0,0.9989469823870184,-1.0,-1.0,0.2424242424241432,0.0692234848485441,0.13873106060607748,0.14261363636366392,True,True,True
11,TmY20,R,1,1.0,1,167,ol_intrinsic,True,True,8.322443257284585,1.0,1.0,1.0,1.0,0.9992803227864188,-1.0,-1.0,0.24710578842311104,0.08263473053890871,0.18213572854292578,0.1616766467065342,True,True,True
12,LPC1,L,1,1.0,1,115,visual_projection,True,True,10.779360796171279,0.9924242424242424,1.0,1.0,1.0,0.9987482567595304,1.0,1.0,0.09449275362324745,0.37246376811602505,0.2563768115941911,0.22434782608699305,True,True,True
13,LPC1,R,1,1.0,1,109,visual_projection,True,True,10.542223406802359,0.9924242424242424,1.0,1.0,1.0,0.9989989304552409,1.0,1.0,0.11131498470945189,0.3319571865443393,0.20305810397539972,0.22691131498471198,True,True,True
14,LLPC1,L,1,1.0,1,143,visual_projection,True,True,7.075107627092817,1.0,1.0,1.0,1.0,0.9992156898957042,-1.0,-1.0,0.2456876456876974,0.04848484848495597,0.12482517482516944,0.12913752913750992,True,True,True
15,LLPC1,R,1,1.0,1,142,visual_projection,True,True,7.046361646369914,1.0,1.0,1.0,1.0,0.9990910427242424,-1.0,-1.0,0.21408450704223772,0.06396713615024889,0.1565727699529968,0.13368544600939458,True,True,True
16,Y1,L,1,1.0,1,94,ol_intrinsic,True,True,12.348580066719597,0.9924242424242424,0.9924242424242424,1.0,1.0,0.999373407961084,-1.0,-1.0,0.36595744680853387,0.14893617021286143,0.24468085106382204,0.2459219858156227,True,True,True
17,Y1,R,1,1.0,1,99,ol_intrinsic,True,True,12.475010354039306,1.0,1.0,1.0,1.0,0.9992289649142355,-1.0,-1.0,0.3542087542087453,0.14511784511788997,0.2787878787881103,0.25505050505049853,True,True,True
18,TmY9q__perp,L,1,1.004149377593361,1,241,ol_intrinsic,True,True,7.908587769916158,0.9393939393939394,0.946969696969697,1.0,1.0,0.9971235948716489,-1.0,-1.0,0.19695712309827892,0.1279391424620068,0.16224066390033537,0.16147994467495816,True,True,True
19,TmY9q__perp,R,1,1.0,1,230,ol_intrinsic,True,True,8.138148082460416,0.9848484848484849,0.9848484848484849,0.9545454545454546,0.9545454545454546,0.9980001708551266,-1.0,-1.0,0.19826086956521938,0.1299275362318743,0.17797101449287328,0.1678260869566202,True,True,True
20,TmY9q,L,1,1.0160642570281124,1,249,ol_intrinsic,True,True,5.905117670517872,0.9545454545454546,0.9772727272727273,1.0,1.0,0.9970783646096002,-1.0,-1.0,0.15448460508708498,0.08734939759022944,0.12074966532773032,0.12068273092363598,True,True,True
21,TmY9q,R,1,1.0075187969924813,1,266,ol_intrinsic,True,True,6.113165047064992,0.9924242424242424,0.9848484848484849,0.9621212121212122,0.9696969696969697,0.9965859696636106,-1.0,-1.0,0.15213032581453187,0.09461152882202745,0.13395989974931882,0.12581453634084785,True,True,True
22,Y12,L,1,1.0,1,97,ol_intrinsic,True,True,4.710259281330463,1.0,1.0,1.0,1.0,0.9981384230410859,-1.0,-1.0,0.1642611683848827,0.031443298969065836,0.08522336769756295,0.08780068728519458,True,True,True
23,Y12,R,1,1.0,1,89,ol_intrinsic,True,True,4.987128739559192,1.0,1.0,1.0,1.0,0.9973505132655737,-1.0,-1.0,0.15505617977528346,0.0395131086142745,0.11179775280902124,0.0955056179775596,True,True,True
24,Tm27,L,1,1.0089153046062407,1,673,ol_intrinsic,True,True,0.8700253964811602,1.0,1.0,1.0,1.0,0.9905441469955141,-1.0,-1.0,0.02595344229816874,0.011168895492819905,0.016295195641403856,0.016344725111453802,True,True,True
25,Tm27,R,1,1.0028818443804035,1,694,ol_intrinsic,True,True,0.972832317588186,1.0,1.0,1.0,1.0,0.9894793345443562,-1.0,-1.0,0.025744476464938278,0.013112391930830351,0.020773294908745278,0.019212295869353586,True,True,True
26,Y11,L,1,1.0,1,77,ol_intrinsic,True,True,4.892141449459701,1.0,1.0,1.0,1.0,0.9987391146798842,-1.0,-1.0,0.17619047619048162,0.03160173160178298,0.08787878787876859,0.0902597402597318,True,True,True
27,Y11,R,1,1.0,1,76,ol_intrinsic,True,True,4.9689042026016095,0.9924242424242424,1.0,1.0,1.0,0.9985958393902803,-1.0,-1.0,0.1570175438596531,0.04276315789472846,0.11052631578947208,0.094298245613957,True,True,True
28,TmY5a,L,1,1.064139941690962,1,686,ol_intrinsic,True,True,1.9404736266163964,0.9545454545454546,0.9621212121212122,1.0,1.0,0.9686938439087497,-1.0,-1.0,0.04655004859087057,0.032337220602528305,0.03870262390671352,0.038143828960157104,True,True,True
29,TmY5a,R,1,1.0501474926253687,1,678,ol_intrinsic,True,True,1.903584201724805,0.9924242424242424,0.9772727272727273,0.9848484848484849,0.9696969696969697,0.9636316063504659,-1.0,-1.0,0.043854473942970644,0.03301376597835978,0.03992133726644624,0.037831858407078776,True,True,True
30,LPi05,L,1,1.0,1,49,ol_intrinsic,True,True,10.763746164403688,1.0,1.0,1.0,1.0,0.9986233130231356,1.0,1.0,0.1156462585033978,0.3462585034013349,0.25306122448981416,0.22517006802736433,True,True,True
31,LPi05,R,1,1.0,1,46,ol_intrinsic,True,True,11.168849111079739,0.9696969696969697,0.9772727272727273,0.9924242424242424,1.0,0.9961125916260156,1.0,1.0,0.1405797101449328,0.3253623188405679,0.2282608695652622,0.23949275362318379,True,True,True
32,LPi10,L,1,1.0,1,27,ol_intrinsic,True,True,14.531248984089915,1.0,1.0,1.0,1.0,0.9987938760082999,1.0,1.0,0.15679012345678606,0.46913580246925146,0.3345679012347015,0.311111111111101,True,True,True
33,LPi10,R,1,1.0,1,27,ol_intrinsic,True,True,14.419893276797405,0.9772727272727273,0.9772727272727273,1.0,1.0,0.9984182810742547,1.0,1.0,0.17530864197529278,0.41666666666660607,0.29753086419741515,0.31419753086420316,True,True,True
34,Tlp5,L,1,1.0,1,36,ol_intrinsic,True,True,8.438213506179654,1.0,1.0,1.0,1.0,0.9992761685156566,-1.0,-1.0,0.2749999999999848,0.07129629629625925,0.16388888888883835,0.16620370370366494,True,True,True
35,Tlp5,R,1,1.0,1,32,ol_intrinsic,True,True,8.65530682408605,1.0,1.0,1.0,1.0,0.9988782844130121,-1.0,-1.0,0.25625,0.08906249999999999,0.19114583333333335,0.17083333333333334,True,True,True
36,TmY16,L,1,1.0,1,88,ol_intrinsic,True,True,6.419494919345979,0.9393939393939394,0.9393939393939394,0.9621212121212122,0.9621212121212122,0.9880128368423163,-1.0,-1.0,0.16439393939387326,0.1060606060605854,0.13712121212117645,0.13598484848488018,True,True,True
37,TmY16,R,1,1.0,1,80,ol_intrinsic,True,True,6.6729404481585615,0.9621212121212122,0.9545454545454546,0.9545454545454546,0.9545454545454546,0.9911125045892937,-1.0,-1.0,0.16666666666663635,0.10479166666660453,0.1470833333332962,0.14041666666660907,True,True,True
38,Y4,L,1,1.0673076923076923,1,104,ol_intrinsic,True,True,1.997900961506518,0.9772727272727273,0.9848484848484849,1.0,1.0,0.9744889296615791,-1.0,-1.0,0.05576923076921882,0.02339743589745922,0.037820512820504366,0.038461538461541524,True,True,True
39,Y4,R,1,1.0384615384615385,1,104,ol_intrinsic,True,True,2.3566593280251706,1.0,0.9848484848484849,1.0,1.0,0.9734480188028388,-1.0,-1.0,0.06346153846153868,0.02820512820513083,0.05064102564102295,0.04615384615384149,True,True,True
40,LPi01,L,1,1.0,1,17,ol_intrinsic,True,True,14.155117658114548,0.9393939393939394,0.9393939393939394,1.0,1.0,0.9983766259622243,-1.0,-1.0,0.3921568627450862,0.1872549019610233,0.29019607843142414,0.2862745098038734,True,True,True
41,LPi01,R,1,1.0,1,16,ol_intrinsic,True,True,16.579338705933075,0.9772727272727273,0.9772727272727273,1.0,1.0,0.9976764969864585,-1.0,-1.0,0.42916666666666664,0.2,0.36041666666666666,0.3416666666666667,True,True,True
42,T2,L,1,1.025990099009901,1,808,ol_intrinsic,True,False,0.21245820134695279,0.9848484848484849,0.9545454545454546,1.0,0.9924242424242424,0.9021974997824355,1.0,1.0,0.0033828382838282304,0.0053011551155108805,0.004207920792079397,0.004125412541255476,True,True,True
43,T2,R,1,1.0060827250608273,1,822,ol_intrinsic,True,False,0.2083108721890381,0.946969696969697,0.9924242424242424,1.0,1.0,0.9188112210342194,1.0,1.0,0.00316301703162812,0.005515004055150048,0.0038726682887253597,0.003892944038929258,True,True,True
44,TmY15,L,1,1.0,1,99,ol_intrinsic,True,True,0.8671840951214277,1.0,0.9848484848484849,1.0,1.0,0.9867891719783052,1.0,1.0,0.010774410774399713,0.02693602693602202,0.01885521885521181,0.016835016835005944,True,True,True
45,TmY15,R,1,1.0,1,110,ol_intrinsic,True,True,0.9184467498582987,0.9242424242424242,0.9621212121212122,1.0,1.0,0.9643953213983018,1.0,1.0,0.012727272727261152,0.028181818181813395,0.0187878787878617,0.018181818181820117,True,True,True
46,cLP01,L,1,1.4827586206896552,1,29,visual_centrifugal,True,True,2.924162937600272,1.0,1.0,1.0,1.0,0.9868117685259102,1.0,1.0,0.032183908045975804,0.09482758620687264,0.05747126436775337,0.057471264367745786,True,True,True
47,cLP01,R,1,1.40625,1,32,visual_centrifugal,True,True,2.4236217512906397,1.0,1.0,1.0,1.0,0.9824857100328811,1.0,1.0,0.025,0.07708333333333334,0.04635416666666667,0.04791666666666667,True,True,True
48,LPC2,L,1,1.76,2,75,visual_projection,True,True,0.8384682268575712,0.8787878787878788,0.8522727272727273,0.9696969696969697,0.8901515151515151,0.8058246438993716,-1.0,-1.0,0.018666666666664847,0.01511111111110779,0.016888888888877317,0.016888888888873528,True,True,True
49,LPC2,R,1,1.6835443037974684,2,79,visual_projection,True,True,0.7226487809497758,0.9431818181818182,0.9583333333333334,1.0,1.0,0.9527252971946134,-1.0,-1.0,0.01772151898734175,0.010548523206745604,0.014345991561179498,0.014345991561181866,True,True,True
50,LPT23,L,1,1.0,1,3,visual_projection,True,True,10.529151696717111,1.0,1.0,1.0,1.0,0.9933597860306272,1.0,1.0,0.088888888888899,0.3555555555555353,0.24444444444449498,0.22222222222226265,True,True,True
51,LPT23,R,1,1.0,1,3,visual_projection,True,True,11.796996797813218,0.9924242424242424,0.9924242424242424,1.0,1.0,0.9920153824304564,1.0,1.0,0.12222222222226264,0.3555555555556339,0.24444444444442298,0.26666666666662875,True,True,True
52,Li05,L,1,1.9901960784313726,2,102,ol_intrinsic,True,True,2.424886932850788,0.9621212121212122,0.9772727272727273,1.0,1.0,0.9843960076433658,-1.0,-1.0,0.06405228758169035,0.03464052287580101,0.04771241830061778,0.04820261437904112,True,True,True
53,Li05,R,1,1.9714285714285715,2,105,ol_intrinsic,True,True,2.933465821664073,1.0,0.9772727272727273,1.0,0.9924242424242424,0.9765417497726854,-1.0,-1.0,0.07365079365079623,0.04095238095239514,0.06317460317460852,0.059047619047644655,True,True,True
54,LPT31,L,1,1.0,1,4,visual_projection,True,True,3.187724825611603,0.9924242424242424,0.9924242424242424,1.0,1.0,0.989559690879599,-1.0,-1.0,0.13333333333333333,0.0,0.05,0.05,True,True,True
55,LPT31,R,1,1.0,1,4,visual_projection,True,True,4.011824141323695,0.9924242424242424,0.9962121212121212,1.0,1.0,0.9873309612665088,-1.0,-1.0,0.13333333333333333,0.0,0.0875,0.06666666666666667,True,True,True
56,LPTe02,L,1,1.2,1,5,visual_projection,True,False,0.49989321128909003,0.8636363636363636,0.8636363636363636,0.8181818181818181,0.8181818181818181,0.9519649964111147,-1.0,-1.0,0.02666666666666657,0.0,0.0,0.0,True,True,True
57,LPTe02,R,1,1.1666666666666667,1,6,visual_projection,True,False,0.3139425964617454,0.8636363636363636,0.9393939393939394,0.8636363636363636,0.9090909090909091,0.9569487529386901,-1.0,-1.0,0.01111111111111119,0.0,0.0,0.0,True,True,True
58,VST2,L,1,1.0,1,3,visual_projection,True,True,0.941827789385269,0.9356060606060606,0.928030303030303,0.9621212121212122,0.9545454545454546,0.9235424885957166,-1.0,-1.0,0.044444444444434336,0.0,0.022222222222217168,0.022222222222222855,True,True,True
59,VST2,R,1,1.0,1,4,visual_projection,True,True,3.214892934920793,0.9734848484848485,0.9696969696969697,0.9924242424242424,0.9696969696969697,0.9537183033605309,-1.0,-1.0,0.1,0.03333333333333333,0.08333333333333333,0.06666666666666667,True,True,True
60,LLPt,L,1,1.027027027027027,1,37,ol_intrinsic,True,False,0.00979030966096923,0.696969696969697,0.6515151515151515,0.6666666666666666,0.6666666666666666,0.47289395426788305,1.0,1.0,0.0,0.0,0.0,0.0,True,False,True
61,LLPt,R,1,1.0,1,32,ol_intrinsic,True,False,0.00226400910909915,0.5416666666666666,0.5454545454545454,0.5416666666666666,0.5,0.04545454545454543,1.0,1.0,0.0,0.0,0.0,0.0,True,False,True
62,,L,2,-0.0499194847020934,-1,621,descending_neuron,False,False,0.5385789656506423,0.7272727272727273,0.9545454545454546,0.7727272727272727,0.9507575757575758,0.3686949248449317,-1.0,-1.0,0.01116478797637986,0.010708534621574492,0.010842726784751733,0.010735373054214393,True,False,True
63,,R,2,0.06174957118353345,-1,583,cb_motor,False,False,0.6322138644278458,0.5871212121212122,0.7954545454545454,0.5833333333333333,0.6856060606060606,0.15972679704819218,-1.0,-1.0,0.01292166952544657,0.012721555174387542,0.01280731846769972,0.012692967409952871,True,False,True
64,CB0429,L,2,2.0,2,1,descending_neuron,True,False,0.0,0.5,0.5,0.5,0.5,0.0,0.0,0.0,0.0,0.0,0.0,0.0,True,False,False
65,CB0429,R,2,2.0,2,1,descending_neuron,True,False,0.0,0.5,0.5,0.5,0.5,0.0,0.0,0.0,0.0,0.0,0.0,0.0,True,False,False
66,DNa01,L,2,2.0,2,1,descending_neuron,True,True,1.4489658298234558,0.5757575757575757,0.75,0.6174242424242424,0.6931818181818182,0.18402653511762865,-1.0,1.0,0.0,0.06666666666666667,0.05,0.0,True,False,False
67,DNa01,R,2,2.0,2,1,descending_neuron,True,True,1.8112072872793197,0.5265151515151515,0.7196969696969697,0.6439393939393939,0.7007575757575758,-0.15750424307311942,1.0,1.0,0.06666666666666667,0.06666666666666667,0.06666666666666667,0.06666666666666667,True,False,True
68,DNa02,L,2,2.0,2,1,descending_neuron,True,True,0.5795863319293824,0.5,0.7840909090909091,0.5946969696969697,0.7727272727272727,0.26047381378867346,0.0,-1.0,0.0,0.0,0.0,0.0,True,False,False
69,DNa02,R,2,2.0,2,1,descending_neuron,True,False,0.1448965829823456,0.5909090909090908,0.5037878787878788,0.5909090909090908,0.5037878787878788,-0.09523809523809525,-1.0,-1.0,0.0,0.0,0.0,0.0,True,False,True
70,DNa03,L,2,2.0,2,1,descending_neuron,True,False,0.0,0.5,0.5,0.5,0.5,0.0,0.0,0.0,0.0,0.0,0.0,0.0,True,False,False
71,DNa03,R,2,2.0,2,1,descending_neuron,True,False,0.0,0.5,0.5,0.5,0.5,0.0,0.0,0.0,0.0,0.0,0.0,0.0,True,False,False
72,DNa04,L,2,2.0,2,1,descending_neuron,True,True,1.738758995788147,0.9015151515151515,0.9545454545454546,0.9166666666666666,0.9545454545454546,0.6912671514872342,-1.0,-1.0,0.06666666666666667,0.0,0.0,0.0,True,True,True
73,DNa04,R,2,2.0,2,1,descending_neuron,True,True,1.8112072872793197,0.8863636363636364,0.821969696969697,0.9583333333333334,0.9583333333333334,0.629553953096944,-1.0,-1.0,0.06666666666666667,0.0,0.06666666666666667,0.06666666666666667,True,True,True
74,DNa05,L,2,2.0,2,1,descending_neuron,True,True,4.16577676074244,0.8787878787878788,0.7537878787878788,0.875,0.8106060606060606,0.41466537629206585,1.0,1.0,0.06666666666666667,0.13333333333333333,0.06666666666666667,0.06666666666666667,True,False,True
75,DNa05,R,2,2.0,2,1,descending_neuron,True,True,3.984656032014507,0.7424242424242424,0.6439393939393939,0.7727272727272727,0.696969696969697,0.7088209819594926,1.0,1.0,0.06666666666666667,0.1,0.06666666666666667,0.06666666666666667,True,False,True
76,DNa06,L,2,2.0,2,1,descending_neuron,True,False,0.0,0.5,0.5,0.5,0.5,0.0,0.0,0.0,0.0,0.0,0.0,0.0,True,False,False
77,DNa06,R,2,2.0,2,1,descending_neuron,True,False,0.0,0.5,0.5,0.5,0.5,0.0,0.0,0.0,0.0,0.0,0.0,0.0,True,False,False
78,DNa07,L,2,2.0,2,1,descending_neuron,True,True,8.222881084248119,0.9356060606060606,0.9393939393939394,0.9734848484848485,0.9696969696969697,0.9166829467992821,1.0,1.0,0.13333333333333333,0.25,0.2,0.13333333333333333,True,True,True
79,DNa07,R,2,2.0,2,1,descending_neuron,True,True,8.730019124686327,0.9621212121212122,0.9242424242424242,1.0,1.0,0.8968909308833554,1.0,1.0,0.13333333333333333,0.26666666666666666,0.2,0.2,True,True,True
80,DNa08,L,2,2.0,2,1,descending_neuron,True,False,0.0,0.5,0.5,0.5,0.5,0.0,0.0,0.0,0.0,0.0,0.0,0.0,True,False,False
81,DNa08,R,2,2.0,2,1,descending_neuron,True,False,0.0,0.5,0.5454545454545454,0.5,0.5,0.0,0.0,1.0,0.0,0.0,0.0,0.0,True,False,False
82,DNa09,L,2,2.0,2,1,descending_neuron,True,True,1.7749831415337336,0.6856060606060606,0.803030303030303,0.821969696969697,0.9128787878787878,0.30359660025144114,1.0,1.0,0.0,0.06666666666666667,0.0,0.06666666666666667,True,False,True
83,DNa09,R,2,2.0,2,1,descending_neuron,True,True,1.014276080876419,0.6893939393939394,0.8295454545454546,0.7007575757575758,0.9166666666666666,0.3050957017085528,1.0,1.0,0.0,0.06666666666666667,0.0,0.0,True,False,True
84,DNa10,L,2,2.0,2,1,descending_neuron,True,False,0.0724482914911728,0.5454545454545454,0.5416666666666666,0.5454545454545454,0.5416666666666666,-0.045454545454545484,-1.0,1.0,0.0,0.0,0.0,0.0,True,False,False
85,DNa10,R,2,2.0,2,1,descending_neuron,True,False,0.1448965829823456,0.5833333333333333,0.6136363636363636,0.5,0.5909090909090908,-0.028903665650804,-1.0,-1.0,0.0,0.0,0.0,0.0,True,False,True
86,DNa11,L,2,2.0,2,1,descending_neuron,True,False,0.2897931659646912,0.5,0.5,0.5378787878787878,0.5,0.0,0.0,0.0,0.0,0.0,0.0,0.0,True,False,False
87,DNa11,R,2,2.0,2,1,descending_neuron,True,False,0.36224145745586395,0.5378787878787878,0.5416666666666666,0.5416666666666666,0.5416666666666666,0.08257228238447709,-1.0,1.0,0.0,0.0,0.0,0.0,True,False,False
88,DNa13,L,2,2.5,2,2,descending_neuron,True,False,0.0,0.5,0.5,0.5,0.5,0.0,0.0,0.0,0.0,0.0,0.0,0.0,True,False,False
89,DNa13,R,2,2.0,2,2,descending_neuron,True,False,0.0,0.5,0.5,0.5,0.5,0.0,0.0,0.0,0.0,0.0,0.0,0.0,True,False,False
90,DNa14,L,2,2.0,2,1,descending_neuron,True,False,0.0,0.5,0.5,0.5,0.5,0.0,0.0,0.0,0.0,0.0,0.0,0.0,True,False,False
91,DNa14,R,2,2.0,2,1,descending_neuron,True,False,0.0,0.5,0.5,0.5,0.5,0.0,0.0,0.0,0.0,0.0,0.0,0.0,True,False,False
92,DNa15,L,2,3.0,3,1,descending_neuron,True,True,0.7244829149117279,0.7348484848484849,0.696969696969697,0.6856060606060606,0.6818181818181819,0.35599824060808405,-1.0,-1.0,0.0,0.0,0.0,0.0,True,False,True
93,DNa15,R,2,2.0,2,1,descending_neuron,True,False,0.5795863319293824,0.6439393939393939,0.6666666666666667,0.7045454545454546,0.6363636363636364,0.16718166725034025,-1.0,-1.0,0.0,0.0,0.0,0.0,True,False,True
94,DNa16,L,2,2.0,2,1,descending_neuron,True,False,0.0,0.5,0.5416666666666667,0.5,0.5,0.0,0.0,-1.0,0.0,0.0,0.0,0.0,True,False,False
95,DNa16,R,2,2.0,2,1,descending_neuron,True,False,0.0724482914911728,0.5454545454545454,0.5,0.5454545454545454,0.5,0.0,-1.0,0.0,0.0,0.0,0.0,0.0,True,False,False
96,DNae001,L,2,3.0,3,1,descending_neuron,True,True,2.5356902021910486,0.821969696969697,0.8371212121212122,0.8333333333333334,0.875,0.5791152682559192,-1.0,-1.0,0.06666666666666667,0.0,0.06666666666666667,0.06666666666666667,True,True,True
97,DNae001,R,2,2.0,2,1,descending_neuron,True,True,1.9561038702616653,0.7840909090909091,0.7159090909090908,0.7840909090909091,0.7462121212121212,0.2581650418286808,-1.0,-1.0,0.06666666666666667,0.0,0.06666666666666667,0.05,True,False,True
98,DNae002,L,2,2.0,2,1,descending_neuron,True,True,4.6366906554350615,0.946969696969697,0.9431818181818182,1.0,0.9545454545454546,0.8383569509826837,-1.0,-1.0,0.13333333333333333,0.06666666666666667,0.06666666666666667,0.06666666666666667,True,True,True
99,DNae002,R,2,2.0,2,1,descending_neuron,True,True,4.528018218198303,0.7462121212121212,0.8484848484848485,0.7386363636363636,0.821969696969697,0.6281063368106918,-1.0,-1.0,0.13333333333333333,0.06666666666666667,0.13333333333333333,0.06666666666666667,True,False,True
100,DNae003,L,2,2.0,2,1,descending_neuron,True,True,2.3907936192087025,0.8636363636363636,0.9204545454545454,0.9166666666666666,0.9242424242424242,0.6894429381658336,1.0,1.0,0.0,0.06666666666666667,0.06666666666666667,0.06666666666666667,True,True,True
101,DNae003,R,2,2.0,2,1,descending_neuron,True,True,2.9341558053925003,0.9242424242424242,0.9431818181818182,0.9242424242424242,0.9545454545454546,0.8885887930771074,1.0,1.0,0.0,0.11666666666666667,0.06666666666666667,0.06666666666666667,True,True,True
102,DNae004,L,2,3.0,3,1,descending_neuron,True,True,6.737691108679077,0.625,0.6666666666666666,0.6590909090909091,0.696969696969697,0.5034965460952285,1.0,1.0,0.13333333333333333,0.13333333333333333,0.13333333333333333,0.13333333333333333,True,False,True
103,DNae004,R,2,3.0,3,1,descending_neuron,True,True,7.498398169336391,0.9166666666666666,0.8939393939393939,0.8484848484848485,0.9318181818181818,0.6696321557787143,1.0,1.0,0.13333333333333333,0.2,0.2,0.13333333333333333,True,True,True
104,DNae005,L,2,2.0,2,1,descending_neuron,True,True,0.8693794978940735,0.8333333333333334,0.8181818181818182,0.7878787878787878,0.7916666666666666,0.33946382758062793,1.0,1.0,0.0,0.06666666666666667,0.0,0.0,True,True,True
105,DNae005,R,2,2.0,2,1,descending_neuron,True,True,1.5214141213146286,0.821969696969697,0.8674242424242424,0.7424242424242424,0.9015151515151515,0.3772552558871008,1.0,1.0,0.0,0.06666666666666667,0.0,0.0,True,True,True
106,DNae006,L,2,2.0,2,1,descending_neuron,True,False,0.5433621861837958,0.571969696969697,0.5871212121212122,0.6818181818181819,0.5946969696969697,0.13398675407241098,-1.0,-1.0,0.0,0.0,0.0,0.0,True,False,True
107,DNae006,R,2,2.0,2,1,descending_neuron,True,True,1.0867243723675917,0.678030303030303,0.821969696969697,0.6893939393939394,0.7689393939393939,0.03861809916098447,-1.0,-1.0,0.06666666666666667,0.0,0.0,0.0,True,False,True
108,DNae007,L,2,2.0,2,1,descending_neuron,True,False,0.0724482914911728,0.5416666666666667,0.5416666666666666,0.5,0.5416666666666666,0.04545454545454543,-1.0,1.0,0.0,0.0,0.0,0.0,True,False,False
109,DNae007,R,2,2.0,2,1,descending_neuron,True,False,0.0,0.5,0.5037878787878788,0.5,0.5,0.0,0.0,1.0,0.0,0.0,0.0,0.0,True,False,False
110,DNae008,L,2,2.0,2,1,descending_neuron,True,False,0.1448965829823456,0.5037878787878788,0.5454545454545454,0.5037878787878788,0.5,0.06579516949597691,-1.0,1.0,0.0,0.0,0.0,0.0,True,False,False
111,DNae008,R,2,2.0,2,1,descending_neuron,True,False,0.1448965829823456,0.5833333333333333,0.5,0.5454545454545454,0.5,0.0,-1.0,0.0,0.0,0.0,0.0,0.0,True,False,False
112,DNae009,L,2,2.0,2,1,descending_neuron,True,True,1.3402933925866964,0.678030303030303,0.6022727272727273,0.6439393939393939,0.6477272727272727,0.47269011874744077,-1.0,-1.0,0.0,0.0,0.016666666666666666,0.0,False,False,True
113,DNae009,R,2,2.0,2,1,descending_neuron,True,True,1.4127416840778693,0.8295454545454546,0.7159090909090908,0.7462121212121212,0.6893939393939394,-0.04811186344257797,-1.0,-1.0,0.06666666666666667,0.0,0.05,0.0,True,False,True
114,DNae010,L,2,2.0,2,1,descending_neuron,True,True,1.4489658298234558,0.9242424242424242,0.9242424242424242,0.9545454545454546,0.9545454545454546,0.7906404423469452,-1.0,-1.0,0.06666666666666667,0.0,0.05,0.0,True,True,True
115,DNae010,R,2,2.0,2,1,descending_neuron,True,True,1.738758995788147,0.8863636363636364,0.8939393939393939,1.0,1.0,0.7757352941176471,-1.0,-1.0,0.06666666666666667,0.0,0.0,0.0,True,True,True
116,DNb01,L,2,2.0,2,1,descending_neuron,True,True,4.564242363943889,0.8522727272727273,0.8295454545454546,0.9090909090909091,0.8674242424242424,0.6733442004286516,1.0,1.0,0.06666666666666667,0.13333333333333333,0.06666666666666667,0.06666666666666667,True,True,True
117,DNb01,R,2,2.0,2,1,descending_neuron,True,True,5.433621861837962,0.8787878787878788,0.8712121212121212,0.9545454545454546,0.9090909090909091,0.7452087727952222,1.0,1.0,0.06666666666666667,0.13333333333333333,0.13333333333333333,0.13333333333333333,True,True,True
118,DNb02,L,2,2.0,2,2,descending_neuron,True,True,0.9418277893852463,0.7992424242424243,0.7651515151515151,0.7954545454545454,0.6893939393939394,0.2764271334961356,-1.0,-1.0,0.03333333333333333,0.0,0.0,0.0,True,False,True
119,DNb02,R,2,2.0,2,2,descending_neuron,True,True,1.1772847367315582,0.5189393939393939,0.8484848484848485,0.6553030303030303,0.8484848484848485,-0.07281737336622697,1.0,-1.0,0.03333333333333333,0.0,0.03333333333333333,0.03333333333333333,True,False,False
120,DNb03,L,2,2.0,2,2,descending_neuron,True,True,6.936923910279799,0.6174242424242424,0.553030303030303,0.5113636363636364,0.6363636363636364,0.31398911677162955,-1.0,-1.0,0.13333333333333333,0.13333333333333333,0.13333333333333333,0.13333333333333333,True,False,True
121,DNb03,R,2,2.0,2,2,descending_neuron,True,True,5.940759902276172,0.6060606060606061,0.696969696969697,0.625,0.6136363636363636,0.7732290763658113,1.0,1.0,0.13333333333333333,0.13333333333333333,0.13333333333333333,0.13333333333333333,True,False,True
122,DNb04,L,2,2.0,2,1,descending_neuron,True,False,0.39846560320145036,0.571969696969697,0.5795454545454546,0.5378787878787878,0.5833333333333334,0.21844414005335888,1.0,1.0,0.0,0.0,0.0,0.0,True,False,True
123,DNb04,R,2,2.0,2,1,descending_neuron,True,True,0.5071380404382095,0.5378787878787878,0.625,0.5378787878787878,0.75,0.1996459129710341,1.0,1.0,0.0,0.0,0.0,0.0,True,False,True
124,DNb05,L,2,2.0,2,1,descending_neuron,True,True,9.164708873633362,0.8143939393939394,0.7348484848484849,0.7007575757575757,0.75,0.22611865382503027,-1.0,-1.0,0.2,0.18333333333333335,0.2,0.2,True,False,True
125,DNb05,R,2,2.0,2,1,descending_neuron,True,True,9.997864225781845,0.5,0.5,0.5,0.5,0.0,0.0,0.0,0.2,0.2,0.2,0.2,True,False,False
126,DNb06,L,2,2.0,2,1,descending_neuron,True,True,0.5795863319293824,0.6666666666666667,0.9318181818181819,0.6856060606060606,0.9545454545454546,0.33864810597807815,-1.0,-1.0,0.0,0.0,0.0,0.0,True,False,True
127,DNb06,R,2,2.0,2,1,descending_neuron,True,False,0.1448965829823456,0.5833333333333333,0.6212121212121212,0.5454545454545454,0.5454545454545454,0.0,-1.0,-1.0,0.0,0.0,0.0,0.0,True,False,True
128,DNb07,L,2,2.0,2,1,descending_neuron,True,True,0.8331553521484871,0.8484848484848485,0.8636363636363636,0.8333333333333334,0.8333333333333334,0.37454188992691345,1.0,1.0,0.0,0.06666666666666667,0.0,0.0,True,True,True
129,DNb07,R,2,2.0,2,1,descending_neuron,True,True,1.2678451010955238,0.8787878787878788,0.8181818181818182,1.0,0.9583333333333334,0.5444709186355445,1.0,1.0,0.0,0.06666666666666667,0.0,0.0,True,True,True
130,DNb08,L,2,2.5,2,2,descending_neuron,True,False,0.43468974894703677,0.6439393939393939,0.6553030303030303,0.5984848484848485,0.571969696969697,-0.16788768421121286,-1.0,-1.0,0.0,0.0,0.0,0.0,True,False,True
131,DNb08,R,2,2.0,2,2,descending_neuron,True,True,0.5071380404382095,0.696969696969697,0.5909090909090908,0.5757575757575758,0.571969696969697,-0.1090728820050898,1.0,-1.0,0.0,0.0,0.0,0.0,True,False,False
132,DNb09,L,2,2.0,2,1,descending_neuron,True,True,2.970379951138087,0.7083333333333334,0.6590909090909091,0.6818181818181818,0.6818181818181818,0.0,1.0,1.0,0.06666666666666667,0.06666666666666667,0.06666666666666667,0.06666666666666667,True,False,True
133,DNb09,R,2,2.0,2,1,descending_neuron,True,True,2.9341558053925,0.6477272727272727,0.5757575757575758,0.6363636363636364,0.6363636363636364,0.009711026527239527,1.0,1.0,0.06666666666666667,0.06666666666666667,0.06666666666666667,0.06666666666666667,True,False,True
134,DNbe001,L,2,2.0,2,1,descending_neuron,True,True,2.4994660564454625,0.9545454545454546,0.9886363636363636,1.0,1.0,0.8623497987101069,-1.0,-1.0,0.06666666666666667,0.0,0.06666666666666667,0.06666666666666667,True,True,True
135,DNbe001,R,2,2.0,2,1,descending_neuron,True,True,2.7530350766645673,0.9166666666666666,0.9242424242424242,0.946969696969697,0.9772727272727273,0.8589058727506839,-1.0,-1.0,0.06666666666666667,0.0,0.06666666666666667,0.06666666666666667,True,True,True
136,DNbe002,L,2,2.0,2,2,descending_neuron,True,False,0.18112072872793197,0.5151515151515151,0.6136363636363636,0.5,0.6212121212121212,0.04878855056221066,1.0,1.0,0.0,0.0,0.0,0.0,True,False,True
137,DNbe002,R,2,2.5,2,2,descending_neuron,True,True,0.5795863319293824,0.5113636363636364,0.6022727272727273,0.6098484848484849,0.6174242424242424,0.14506529407680885,-1.0,1.0,0.0,0.03333333333333333,0.0,0.0,True,False,False
138,DNbe003,L,2,2.0,2,1,descending_neuron,True,False,0.0,0.5,0.5,0.5,0.5,0.0,0.0,0.0,0.0,0.0,0.0,0.0,True,False,False
139,DNbe003,R,2,2.0,2,1,descending_neuron,True,False,0.21734487447351838,0.5378787878787878,0.5833333333333334,0.5,0.5833333333333334,-0.1755494519014317,-1.0,1.0,0.0,0.0,0.0,0.0,True,False,False
140,DNbe004,L,2,2.0,2,1,descending_neuron,True,True,1.195396809604351,0.7537878787878788,0.553030303030303,0.8257575757575758,0.7424242424242424,0.1526663567408805,1.0,1.0,0.0,0.06666666666666667,0.0,0.0,True,False,True
141,DNbe004,R,2,2.0,2,1,descending_neuron,True,True,0.5795863319293824,0.6553030303030303,0.5340909090909092,0.7083333333333334,0.5075757575757576,0.012037713042133106,1.0,-1.0,0.0,0.0,0.0,0.0,True,False,False
142,DNbe005,L,2,2.0,2,1,descending_neuron,True,True,1.5938624128058014,0.9242424242424242,0.8409090909090909,1.0,1.0,0.8331520962709831,1.0,1.0,0.0,0.06666666666666667,0.06666666666666667,0.06666666666666667,True,True,True
143,DNbe005,R,2,2.0,2,1,descending_neuron,True,True,2.3183453277175294,0.9431818181818182,0.9545454545454546,0.9659090909090909,1.0,0.9095812935061949,1.0,1.0,0.0,0.06666666666666667,0.06666666666666667,0.06666666666666667,True,True,True
144,DNbe006,L,2,2.0,2,1,descending_neuron,True,True,2.897931659646914,0.5795454545454546,0.7348484848484849,0.5454545454545454,0.6818181818181818,0.23047770482225238,1.0,1.0,0.06666666666666667,0.06666666666666667,0.06666666666666667,0.06666666666666667,True,False,True
145,DNbe006,R,2,2.0,2,1,descending_neuron,True,True,2.101000453244011,0.5833333333333334,0.5265151515151515,0.5606060606060606,0.5037878787878788,0.10935488643683584,1.0,1.0,0.06666666666666667,0.06666666666666667,0.06666666666666667,0.06666666666666667,True,False,True
146,DNbe007,L,2,2.0,2,1,descending_neuron,True,False,0.1448965829823456,0.5833333333333334,0.5454545454545454,0.5416666666666666,0.5454545454545454,7.395707913337164e-19,1.0,-1.0,0.0,0.0,0.0,0.0,True,False,False
147,DNbe007,R,2,2.0,2,1,descending_neuron,True,False,0.5433621861837958,0.6590909090909092,0.571969696969697,0.6060606060606061,0.5340909090909091,0.2365145228215768,-1.0,1.0,0.0,0.0,0.0,0.0,True,False,False
148,DNc01,L,2,1.0,1,1,descending_neuron,True,True,13.330485634375808,0.5,0.5,0.5,0.5,0.0,0.0,0.0,0.26666666666666666,0.26666666666666666,0.26666666666666666,0.26666666666666666,True,False,False
149,DNc01,R,2,1.0,1,1,descending_neuron,True,True,9.708071059817156,0.6212121212121212,0.7272727272727273,0.5416666666666667,0.5909090909090909,-0.048887780152538064,-1.0,1.0,0.2,0.2,0.2,0.2,True,False,False
150,DNc02,L,2,1.0,1,1,descending_neuron,True,True,9.997864225781845,0.5,0.5,0.5,0.5,0.0,0.0,0.0,0.2,0.2,0.2,0.2,True,False,False
151,DNc02,R,2,1.0,1,1,descending_neuron,True,True,15.721279253584507,0.7310606060606061,0.5492424242424243,0.6174242424242424,0.5,0.21144501580551536,-1.0,-1.0,0.3333333333333333,0.3333333333333333,0.3333333333333333,0.3333333333333333,True,False,True
152,DNd02,L,2,2.0,2,1,descending_neuron,True,False,0.0724482914911728,0.5416666666666666,0.5,0.5416666666666666,0.5,0.0,1.0,0.0,0.0,0.0,0.0,0.0,True,False,False
153,DNd02,R,2,2.0,2,1,descending_neuron,True,False,0.0,0.5,0.5,0.5,0.5,0.0,0.0,0.0,0.0,0.0,0.0,0.0,True,False,False
154,DNd03,L,2,2.0,2,1,descending_neuron,True,False,0.10867243723675919,0.5,0.5378787878787878,0.5416666666666666,0.5833333333333334,0.41228070175438597,0.0,1.0,0.0,0.0,0.0,0.0,True,False,False
155,DNd03,R,2,2.0,2,1,descending_neuron,True,False,0.2897931659646912,0.553030303030303,0.5416666666666667,0.5075757575757576,0.5,0.07720914364821829,-1.0,-1.0,0.0,0.0,0.0,0.0,True,False,True
156,DNd04,L,2,2.0,2,1,descending_neuron,True,False,0.21734487447351838,0.5378787878787878,0.5,0.5037878787878788,0.553030303030303,-0.3678234870791406,1.0,0.0,0.0,0.0,0.0,0.0,True,False,False
157,DNd04,R,2,2.0,2,1,descending_neuron,True,True,1.5214141213146286,0.5340909090909092,0.5909090909090908,0.6098484848484849,0.5227272727272727,-0.1307252695744204,-1.0,-1.0,0.06666666666666667,0.0,0.06666666666666667,0.06666666666666667,True,False,True
158,DNd05,L,2,2.0,2,1,descending_neuron,True,False,0.39846560320145036,0.5795454545454546,0.6060606060606061,0.5454545454545454,0.5757575757575758,0.17680863985192752,1.0,1.0,0.0,0.0,0.0,0.0,True,False,True
159,DNd05,R,2,2.0,2,1,descending_neuron,True,False,0.2897931659646912,0.5795454545454546,0.6022727272727273,0.5833333333333334,0.5492424242424243,0.1704124527151817,1.0,-1.0,0.0,0.0,0.0,0.0,True,False,False
160,DNde001,L,2,2.0,2,1,descending_neuron,True,True,1.0505002266220056,0.5113636363636364,0.5833333333333334,0.6590909090909091,0.571969696969697,-0.09951941422401439,1.0,1.0,0.0,0.0,0.0,0.0,True,False,True
161,DNde001,R,2,2.0,2,1,descending_neuron,True,False,0.43468974894703677,0.5795454545454546,0.6136363636363636,0.5378787878787878,0.6628787878787878,0.0,1.0,1.0,0.0,0.0,0.0,0.0,True,False,True
162,DNde002,L,2,2.0,2,1,descending_neuron,True,False,0.0,0.5,0.5,0.5,0.5,0.0,0.0,0.0,0.0,0.0,0.0,0.0,True,False,False
163,DNde002,R,2,2.0,2,1,descending_neuron,True,False,0.0,0.5,0.5,0.5,0.5,0.0,0.0,0.0,0.0,0.0,0.0,0.0,True,False,False
164,DNde003,L,2,2.5,2,2,descending_neuron,True,False,0.10867243723675919,0.5416666666666667,0.5454545454545454,0.5454545454545454,0.5454545454545454,0.045454545454545484,-1.0,-1.0,0.0,0.0,0.0,0.0,True,False,True
165,DNde003,R,2,2.5,2,2,descending_neuron,True,False,0.18112072872793197,0.6212121212121212,0.625,0.6363636363636364,0.5909090909090908,-0.2725865102545528,-1.0,-1.0,0.0,0.0,0.0,0.0,True,False,True
166,DNde005,L,2,3.0,3,1,descending_neuron,True,False,0.0724482914911728,0.5416666666666667,0.5,0.5,0.5,0.0,-1.0,0.0,0.0,0.0,0.0,0.0,True,False,False
167,DNde005,R,2,2.0,2,1,descending_neuron,True,False,0.0724482914911728,0.5416666666666666,0.5075757575757576,0.5416666666666666,0.5454545454545454,0.045454545454545435,1.0,1.0,0.0,0.0,0.0,0.0,True,False,True
168,DNde006,L,2,3.0,3,1,descending_neuron,True,False,0.21734487447351838,0.5492424242424242,0.5265151515151515,0.5,0.5151515151515151,0.016165520152839067,1.0,1.0,0.0,0.0,0.0,0.0,True,False,True
169,DNde006,R,2,3.0,3,1,descending_neuron,True,False,0.3260173117102776,0.5492424242424243,0.5757575757575758,0.5568181818181819,0.625,0.0,-1.0,1.0,0.0,0.0,0.0,0.0,True,False,False
170,DNde007,L,2,3.0,3,1,descending_neuron,True,False,0.36224145745586395,0.5795454545454546,0.5189393939393939,0.5,0.5643939393939394,0.21849483878343814,-1.0,1.0,0.0,0.0,0.0,0.0,True,False,False
171,DNde007,R,2,2.0,2,1,descending_neuron,True,True,3.2601731171027786,0.5416666666666667,0.5833333333333333,0.5416666666666667,0.5416666666666667,-0.019968076595771787,-1.0,-1.0,0.06666666666666667,0.06666666666666667,0.06666666666666667,0.06666666666666667,True,False,True
172,DNg01,L,2,2.2,2,5,descending_neuron,True,True,2.782014393260886,0.9924242424242424,0.9772727272727273,1.0,0.9734848484848485,0.6278704737081522,1.0,1.0,0.0400000000000091,0.06666666666666667,0.05333333333333599,0.05333333333334167,True,True,True
173,DNg01,R,2,2.25,2,4,descending_neuron,True,True,2.934155805392498,0.7196969696969697,0.8409090909090909,0.8863636363636364,0.8825757575757576,0.6008590465584221,1.0,1.0,0.05,0.06666666666666667,0.06666666666666667,0.06666666666666667,True,False,True
174,DNg02_a,L,2,2.0,2,5,descending_neuron,True,True,1.919879724516151,0.5,0.6856060606060606,0.5037878787878788,0.5416666666666666,0.11972730913969308,0.0,-1.0,0.039999999999997725,0.039999999999997725,0.03999999999999962,0.039999999999998676,False,False,False
175,DNg02_a,R,2,2.0,2,5,descending_neuron,True,True,1.9488590411126376,0.5568181818181819,0.5113636363636364,0.5378787878787878,0.5984848484848485,0.11009842205828006,-1.0,1.0,0.04000000000000057,0.04000000000000531,0.040000000000001514,0.040000000000001514,True,False,False
176,DNg02_b,L,2,2.0,2,3,descending_neuron,True,True,1.9561038702616314,0.9886363636363636,0.9848484848484849,0.9962121212121212,0.9962121212121212,0.8775397776534148,1.0,1.0,0.022222222222217168,0.06666666666665151,0.044444444444434336,0.04444444444444192,True,True,True
177,DNg02_b,R,2,2.0,2,2,descending_neuron,True,True,1.340293392586697,0.9242424242424242,0.9356060606060606,0.9545454545454546,0.9545454545454546,0.5731490700203714,1.0,1.0,0.0,0.05,0.03333333333333333,0.03333333333333333,True,True,True
178,DNg02_c,L,2,2.0,2,2,descending_neuron,True,True,1.1953968096043512,0.9318181818181818,0.7840909090909091,1.0,0.9166666666666666,0.562699102369571,1.0,1.0,0.0,0.06666666666666667,0.03333333333333333,0.03333333333333333,True,False,True
179,DNg02_c,R,2,2.0,2,2,descending_neuron,True,True,0.8512674250212804,0.9204545454545454,0.9318181818181818,0.9583333333333334,1.0,0.7639213417358631,1.0,1.0,0.0,0.03333333333333333,0.0,0.0,True,True,True
180,DNg02_d,L,2,2.0,2,1,descending_neuron,True,True,0.8331553521484871,0.6477272727272727,0.7954545454545454,0.7007575757575758,0.7916666666666666,0.15155287136777304,1.0,1.0,0.0,0.016666666666666666,0.0,0.0,True,False,True
181,DNg02_d,R,2,2.0,2,1,descending_neuron,True,True,1.0867243723675917,0.8787878787878788,0.9090909090909091,0.8295454545454546,0.875,0.5345019635459834,1.0,1.0,0.0,0.06666666666666667,0.0,0.0,True,True,True
182,DNg02_e,L,2,2.0,2,1,descending_neuron,True,True,0.7244829149117279,0.8977272727272727,0.7727272727272727,0.875,0.7916666666666666,0.32054609426657626,1.0,1.0,0.0,0.06666666666666667,0.0,0.0,True,False,True
183,DNg02_e,R,2,3.0,3,1,descending_neuron,True,True,2.101000453244011,0.8484848484848485,0.8939393939393939,0.9090909090909091,0.9090909090909091,0.8816193983355384,1.0,1.0,0.0,0.06666666666666667,0.06666666666666667,0.06666666666666667,True,True,True
184,DNg02_f,L,2,2.0,2,1,descending_neuron,True,True,1.014276080876419,0.7462121212121212,0.8484848484848485,0.7462121212121212,0.8333333333333334,0.10890854233693228,1.0,1.0,0.0,0.06666666666666667,0.0,0.0,True,False,True
185,DNg02_f,R,2,2.0,2,1,descending_neuron,True,True,2.2096728904807703,0.8863636363636364,0.7727272727272727,0.8636363636363636,0.7310606060606061,0.4674990115697737,1.0,1.0,0.0,0.06666666666666667,0.06666666666666667,0.06666666666666667,True,False,True
186,DNg02_g,L,2,2.0,2,2,descending_neuron,True,True,1.1772847367315582,0.8257575757575758,0.8560606060606061,0.8674242424242424,0.9583333333333334,0.18370220050731012,1.0,1.0,0.0,0.03333333333333333,0.03333333333333333,0.03333333333333333,True,True,True
187,DNg02_g,R,2,2.0,2,2,descending_neuron,True,True,0.5252501133110028,0.9318181818181818,0.7537878787878788,1.0,0.8333333333333334,0.42299495408668386,1.0,1.0,0.0,0.03333333333333333,0.0,0.0,True,False,True
188,DNg03,L,2,2.3333333333333335,2,6,descending_neuron,True,True,2.2338223209778145,0.946969696969697,0.8257575757575757,0.7575757575757576,0.8560606060606061,0.23136167655489887,-1.0,-1.0,0.055555555555552395,0.044444444444444994,0.0444444444444495,0.04444444444444571,True,True,True
189,DNg03,R,2,2.1666666666666665,2,6,descending_neuron,True,True,3.29639726284832,0.5075757575757576,0.5568181818181819,0.5871212121212122,0.7083333333333333,-0.18890009944408256,-1.0,-1.0,0.06666666666667045,0.06666666666666667,0.06666666666666667,0.06666666666665909,True,False,True
190,DNg04,L,2,2.0,2,2,descending_neuron,True,False,0.0,0.5,0.5,0.5,0.5,0.0,0.0,0.0,0.0,0.0,0.0,0.0,True,False,False
191,DNg04,R,2,2.0,2,2,descending_neuron,True,False,0.0,0.5,0.5,0.5,0.5,0.0,0.0,0.0,0.0,0.0,0.0,0.0,True,False,False
192,DNg05_a,L,2,2.0,2,1,descending_neuron,True,True,0.6520346234205552,0.7727272727272727,0.6666666666666667,0.7727272727272727,0.6363636363636364,0.1844571903642865,-1.0,-1.0,0.06666666666666667,0.0,0.0,0.0,True,False,True
193,DNg05_a,R,2,2.0,2,1,descending_neuron,True,True,0.9418277893852463,0.803030303030303,0.8484848484848485,0.7310606060606061,0.7727272727272727,0.4735043286036033,-1.0,-1.0,0.06666666666666667,0.0,0.0,0.0,True,True,True
194,DNg05_b,L,2,2.3333333333333335,2,3,descending_neuron,True,True,1.0142760808764006,0.9393939393939394,0.9659090909090909,0.9848484848484849,0.9545454545454546,0.814040572914253,-1.0,-1.0,0.044444444444443815,0.0,0.022222222222219062,0.02222222222222096,True,True,True
195,DNg05_b,R,2,2.0,2,3,descending_neuron,True,True,1.2316209553499502,0.9621212121212122,0.946969696969697,0.9886363636363636,1.0,0.7999876987891479,-1.0,-1.0,0.04444444444444476,0.0,0.022222222222222615,0.02222222222222096,True,True,True
196,DNg06_a,L,2,2.0,2,1,descending_neuron,True,False,0.0724482914911728,0.5454545454545454,0.5416666666666666,0.5,0.5416666666666666,0.04545454545454546,1.0,1.0,0.0,0.0,0.0,0.0,True,False,True
197,DNg06_a,R,2,2.0,2,1,descending_neuron,True,False,0.0,0.5,0.5454545454545454,0.5,0.5,0.0,0.0,1.0,0.0,0.0,0.0,0.0,True,False,False
198,"DNg06_b,DNg06_c",L,2,2.0,2,3,descending_neuron,True,True,0.748632345408794,0.9393939393939394,0.8598484848484849,0.9128787878787878,0.8560606060606061,0.622565327967744,-1.0,-1.0,0.022222222222221907,0.0,0.02222222222222096,0.02222222222222096,True,True,True
199,"DNg06_b,DNg06_c",R,2,2.0,2,3,descending_neuron,True,True,1.6300865585513609,0.8787878787878788,0.928030303030303,0.946969696969697,0.8560606060606061,0.4616578108093202,-1.0,-1.0,0.04444444444444476,0.022222222222222497,0.022222222222222855,0.02222222222222096,True,True,True
200,DNg07,L,2,2.375,2,8,descending_neuron,True,False,0.43016173072883873,0.553030303030303,0.8143939393939394,0.5113636363636364,0.678030303030303,-0.04189513153706114,-1.0,-1.0,0.008333333333333333,0.008333333333333333,0.008333333333333333,0.008333333333333333,True,False,True
201,DNg07,R,2,2.0,2,8,descending_neuron,True,False,0.47091389469262346,0.5833333333333334,0.7803030303030303,0.553030303030303,0.6477272727272727,-0.01105736269577696,1.0,-1.0,0.008333333333333333,0.008333333333333333,0.008333333333333333,0.008333333333333333,True,False,False
202,"DNg08_a,DNg08_b",L,2,2.0,2,12,descending_neuron,True,True,1.2980318892168103,0.8333333333333334,0.9545454545454546,0.9318181818181818,0.9128787878787878,0.6043412469748201,1.0,1.0,0.022222222222222855,0.030555555555550507,0.027777777777752515,0.027777777777771462,True,True,True
203,"DNg08_a,DNg08_b",R,2,2.090909090909091,2,11,descending_neuron,True,True,1.2513795803020378,0.9848484848484849,0.9621212121212122,0.9886363636363636,0.9924242424242424,0.8145478090335542,1.0,1.0,0.018181818181818698,0.030303030303031164,0.024242424242424933,0.02424242424242114,True,True,True
204,DNg09,L,2,2.0,2,4,descending_neuron,True,False,0.0,0.5,0.5,0.5,0.5,0.0,0.0,0.0,0.0,0.0,0.0,0.0,True,False,False
205,DNg09,R,2,2.0,2,4,descending_neuron,True,False,0.0,0.5,0.5,0.5,0.5,0.0,0.0,0.0,0.0,0.0,0.0,0.0,True,False,False
206,DNg10,L,2,2.8333333333333335,3,6,descending_neuron,True,True,1.1229485181131724,0.8484848484848485,0.678030303030303,0.8409090909090909,0.7272727272727273,0.5834346773805213,1.0,1.0,0.011111111111116163,0.03055555555554861,0.022222222222221907,0.02222222222222475,True,False,True
207,DNg10,R,2,2.6666666666666665,3,6,descending_neuron,True,True,0.754669703033035,0.7954545454545454,0.6401515151515151,0.7196969696969697,0.6818181818181818,0.26814842776441833,1.0,1.0,0.011111111111111427,0.016666666666664772,0.022222222222217168,0.011111111111112374,False,False,True
208,DNg100,L,2,2.0,2,1,descending_neuron,True,True,0.5071380404382095,0.6174242424242424,0.7727272727272727,0.6174242424242424,0.7272727272727273,0.27216821507031974,1.0,1.0,0.0,0.0,0.0,0.0,True,False,True
209,DNg100,R,2,2.0,2,1,descending_neuron,True,False,0.2535690202191048,0.6666666666666666,0.5833333333333334,0.6666666666666666,0.5833333333333334,-0.1366260102127946,1.0,1.0,0.0,0.0,0.0,0.0,True,False,True
210,DNg101,L,2,3.0,3,1,descending_neuron,True,False,0.0,0.5,0.5,0.5,0.5,0.0,0.0,0.0,0.0,0.0,0.0,0.0,True,False,False
211,DNg101,R,2,2.0,2,1,descending_neuron,True,False,0.0,0.5,0.5454545454545454,0.5,0.5454545454545454,0.0,0.0,-1.0,0.0,0.0,0.0,0.0,True,False,False
212,"DNg102_a,DNg102_b",L,2,2.0,2,2,descending_neuron,True,False,0.4709138946926231,0.5340909090909091,0.6060606060606061,0.5757575757575758,0.6628787878787878,0.10679611650485431,1.0,1.0,0.0,0.0,0.0,0.0,True,False,True
213,"DNg102_a,DNg102_b",R,2,2.0,2,2,descending_neuron,True,True,0.7244829149117279,0.7803030303030303,0.6136363636363636,0.7045454545454546,0.6136363636363636,0.11570643085877506,1.0,1.0,0.0,0.016666666666666666,0.008333333333333333,0.0,True,False,True
214,DNg103,L,2,2.0,2,1,descending_neuron,True,True,2.897931659646914,0.5984848484848485,0.5378787878787878,0.5984848484848485,0.5340909090909092,-0.11727764197596813,1.0,-1.0,0.06666666666666667,0.06666666666666667,0.06666666666666667,0.06666666666666667,True,False,False
215,DNg103,R,2,2.0,2,1,descending_neuron,True,True,2.6081384936822216,0.6477272727272727,0.5681818181818181,0.5757575757575757,0.6098484848484849,-0.14142523626958148,-1.0,-1.0,0.06666666666666667,0.06666666666666667,0.06666666666666667,0.06666666666666667,True,False,True
216,DNg104,L,2,2.0,2,1,descending_neuron,True,True,2.897931659646914,0.6553030303030303,0.7348484848484849,0.5037878787878788,0.75,-0.03732031025415144,1.0,-1.0,0.06666666666666667,0.06666666666666667,0.06666666666666667,0.06666666666666667,True,False,False
217,DNg104,R,2,2.0,2,1,descending_neuron,True,True,6.48412208845997,0.5416666666666667,0.5909090909090908,0.5416666666666667,0.5,-0.062123652492193676,-1.0,-1.0,0.13333333333333333,0.13333333333333333,0.13333333333333333,0.13333333333333333,True,False,True
218,DNg105,L,2,2.0,2,1,descending_neuron,True,False,0.0724482914911728,0.5416666666666666,0.6212121212121212,0.5416666666666666,0.5833333333333334,-0.04545454545454544,1.0,1.0,0.0,0.0,0.0,0.0,True,False,True
219,DNg105,R,2,2.0,2,1,descending_neuron,True,False,0.0724482914911728,0.5454545454545454,0.5,0.5454545454545454,0.5,0.0,-1.0,0.0,0.0,0.0,0.0,0.0,True,False,False
220,DNg106,L,2,2.4444444444444446,2,9,descending_neuron,True,False,0.3622414574558485,0.5189393939393939,0.6401515151515151,0.5454545454545454,0.6856060606060606,0.39939949530527746,1.0,1.0,0.007407407407407618,0.007407407407407618,0.007407407407405723,0.007407407407407618,False,False,True
221,DNg106,R,2,2.142857142857143,2,7,descending_neuron,True,False,0.20182024058255318,0.5075757575757576,0.5265151515151515,0.571969696969697,0.553030303030303,0.3244441741259902,-1.0,-1.0,0.0,0.0,0.002380952380952313,0.0,False,False,True
222,DNg107,L,2,3.0,3,1,descending_neuron,True,False,0.21734487447351838,0.625,0.5378787878787878,0.5909090909090908,0.5037878787878788,0.011357771260606353,-1.0,-1.0,0.0,0.0,0.0,0.0,True,False,True
223,DNg107,R,2,3.0,3,1,descending_neuron,True,True,0.6520346234205552,0.5378787878787878,0.5454545454545454,0.553030303030303,0.6818181818181819,0.38864935698352326,-1.0,-1.0,0.0,0.0,0.0,0.0,True,False,True
224,DNg108,L,2,2.0,2,1,descending_neuron,True,True,1.0867243723675917,0.6628787878787878,0.5946969696969697,0.5265151515151515,0.6022727272727273,0.01112546596590548,1.0,-1.0,0.0,0.0,0.0,0.0,True,False,False
225,DNg108,R,2,2.0,2,1,descending_neuron,True,True,2.1372245989895973,0.5568181818181818,0.5606060606060606,0.5795454545454546,0.5189393939393939,-0.2852941176470588,1.0,1.0,0.06666666666666667,0.06666666666666667,0.06666666666666667,0.06666666666666667,True,False,True
226,DNg109,L,2,3.0,3,1,descending_neuron,True,True,1.7749831415337332,0.5227272727272727,0.6742424242424242,0.7348484848484849,0.7386363636363636,0.16211712934301148,1.0,1.0,0.0,0.06666666666666667,0.06666666666666667,0.0,True,False,True
227,DNg109,R,2,2.0,2,1,descending_neuron,True,True,1.4851899755690423,0.7196969696969697,0.6893939393939394,0.6515151515151515,0.5681818181818182,0.4838463384953393,1.0,1.0,0.0,0.06666666666666667,0.0,0.0,True,False,True
228,DNg11,L,2,2.0,2,3,descending_neuron,True,True,1.847431433024819,0.7613636363636364,0.7689393939393939,0.8295454545454546,0.7992424242424242,0.4219155437362166,1.0,1.0,0.022222222222222855,0.04444444444444311,0.044444444444434336,0.04444444444444192,True,False,True
229,DNg11,R,2,2.0,2,3,descending_neuron,True,True,2.2700464667234144,0.9848484848484849,0.8939393939393939,0.9507575757575758,0.8863636363636364,0.46947222718615256,1.0,1.0,0.022222222222222855,0.06666666666666476,0.0444444444444495,0.0444444444444495,True,True,True
230,DNg110_a,L,2,2.0,2,3,descending_neuron,True,True,2.1251498837410012,0.7537878787878788,0.6856060606060606,0.8787878787878788,0.5984848484848485,0.24859939121171293,-1.0,-1.0,0.0444444444444495,0.04444444444444192,0.044444444444434336,0.04444444444444192,False,False,True
231,DNg110_a,R,2,2.0,2,3,descending_neuron,True,True,1.9802533007586454,0.7159090909090908,0.625,0.8333333333333334,0.6893939393939394,0.1475432746952541,-1.0,-1.0,0.044444444444443815,0.033333333333329544,0.044444444444438125,0.044444444444434336,True,False,True
232,DNg110_b,L,2,2.0,2,3,descending_neuron,True,True,1.0987990876161096,0.6515151515151515,0.6098484848484849,0.7045454545454546,0.6553030303030303,0.2858006901680308,1.0,1.0,0.022222222222221907,0.02222222222222475,0.022222222222217168,0.02222222222222096,False,False,True
233,DNg110_b,R,2,2.3333333333333335,2,3,descending_neuron,True,True,0.9539025046337791,0.5984848484848485,0.5492424242424242,0.5416666666666667,0.7537878787878788,-0.20990705863792952,-1.0,1.0,0.022222222222221907,0.022222222222221907,0.022222222222217168,0.02222222222222096,False,False,False
234,DNg111,L,2,2.0,2,1,descending_neuron,True,False,0.5071380404382095,0.5340909090909091,0.5416666666666667,0.625,0.5340909090909091,-0.5484389267824233,1.0,-1.0,0.0,0.0,0.0,0.0,True,False,False
235,DNg111,R,2,2.0,2,1,descending_neuron,True,True,0.7244829149117279,0.5,0.7575757575757576,0.5303030303030303,0.7007575757575758,-0.004412528185113799,0.0,1.0,0.0,0.0,0.0,0.0,True,False,False
236,DNg12_a,L,2,2.5,2,4,descending_neuron,True,True,2.227784963353565,0.5757575757575757,0.625,0.5833333333333333,0.6477272727272727,0.23878071107639284,-1.0,-1.0,0.05,0.04166666666666667,0.05,0.05,True,False,True
237,DNg12_a,R,2,2.75,3,4,descending_neuron,True,True,1.9742159431344606,0.5946969696969697,0.6136363636363636,0.5492424242424242,0.571969696969697,-0.19151662109876996,1.0,1.0,0.03333333333333333,0.05,0.03333333333333333,0.03333333333333333,True,False,True
238,DNg12_b,L,2,3.0,3,8,descending_neuron,True,True,1.3991576294232746,0.5075757575757576,0.6325757575757576,0.5606060606060606,0.5795454545454546,0.2068434170646708,1.0,-1.0,0.025,0.029166666666666667,0.025,0.025,True,False,False
239,DNg12_b,R,2,3.0,3,8,descending_neuron,True,True,1.5440542124056198,0.5492424242424243,0.553030303030303,0.5151515151515151,0.5227272727272727,0.09378530215428363,-1.0,-1.0,0.03333333333333333,0.03125,0.025,0.025,False,False,True
240,DNg12_c,L,2,3.0,3,3,descending_neuron,True,False,0.32601731171028525,0.5303030303030303,0.6553030303030303,0.5984848484848485,0.6515151515151515,-0.17347784917153236,1.0,-1.0,0.0,0.0,0.0,0.0,True,False,False
241,DNg12_c,R,2,3.0,3,2,descending_neuron,True,False,0.21734487447351838,0.5303030303030303,0.5378787878787878,0.5681818181818182,0.5,0.11563076380273744,1.0,-1.0,0.0,0.0,0.0,0.0,True,False,False
242,DNg12_d,L,2,3.0,3,2,descending_neuron,True,True,1.1953968096043512,0.5984848484848485,0.7045454545454546,0.5303030303030303,0.7651515151515151,0.04505487364512157,-1.0,-1.0,0.03333333333333333,0.03333333333333333,0.03333333333333333,0.03333333333333333,True,False,True
243,DNg12_d,R,2,3.0,3,2,descending_neuron,True,True,0.9780519351308327,0.5265151515151515,0.5606060606060606,0.5416666666666666,0.5643939393939394,-0.22944471819198506,1.0,1.0,0.0,0.016666666666666666,0.0,0.008333333333333333,True,False,True
244,DNg12_e,L,2,3.0,3,3,descending_neuron,True,False,0.38639088795291643,0.5075757575757576,0.625,0.5037878787878788,0.5454545454545454,0.053624825319500656,1.0,-1.0,0.0,0.0,0.0,0.0,True,False,False
245,DNg12_e,R,2,3.0,3,3,descending_neuron,True,False,0.30186788121321706,0.6060606060606061,0.625,0.5795454545454546,0.6401515151515151,-0.0900503143501576,-1.0,-1.0,0.0,0.0,0.0,0.0,True,False,True
246,DNg13,L,2,2.0,2,1,descending_neuron,True,True,0.5795863319293824,0.7272727272727273,0.6174242424242424,0.5795454545454546,0.7840909090909091,-0.07347830314360729,1.0,1.0,0.0,0.0,0.0,0.0,True,False,True
247,DNg13,R,2,2.0,2,1,descending_neuron,True,True,1.0867243723675917,0.5303030303030303,0.5643939393939394,0.5606060606060606,0.6098484848484849,-2.1620770810578083e-18,1.0,1.0,0.0,0.0,0.0,0.0,True,False,True
248,DNg14,L,2,3.0,3,1,descending_neuron,True,True,0.7969312064029007,0.5909090909090908,0.5378787878787878,0.5492424242424243,0.5757575757575758,-0.10548162696116148,-1.0,1.0,0.0,0.0,0.0,0.0,True,False,False
249,DNg14,R,2,2.0,2,1,descending_neuron,True,True,1.1229485181131782,0.571969696969697,0.7272727272727273,0.5189393939393939,0.7424242424242424,-0.29830726695065873,-1.0,1.0,0.0,0.0,0.0,0.0,True,False,False
250,DNg15,L,2,3.0,3,1,descending_neuron,True,False,0.1448965829823456,0.5833333333333333,0.5454545454545454,0.5,0.5,-0.0657951694959769,-1.0,1.0,0.0,0.0,0.0,0.0,True,False,False
251,DNg15,R,2,3.0,3,1,descending_neuron,True,False,0.0,0.5,0.5,0.5,0.5,0.0,0.0,0.0,0.0,0.0,0.0,0.0,True,False,False
252,DNg16,L,2,2.0,2,1,descending_neuron,True,False,0.21734487447351838,0.5378787878787878,0.5378787878787878,0.5037878787878788,0.5037878787878788,0.2374290399669085,1.0,1.0,0.0,0.0,0.0,0.0,True,False,True
253,DNg16,R,2,3.0,3,1,descending_neuron,True,False,0.36224145745586395,0.5378787878787878,0.5416666666666667,0.5378787878787878,0.5416666666666666,0.011357771260606367,1.0,-1.0,0.0,0.0,0.0,0.0,True,False,False
254,DNg17,L,2,3.0,3,1,descending_neuron,True,False,0.0,0.5,0.5,0.5,0.5,0.0,0.0,0.0,0.0,0.0,0.0,0.0,True,False,False
255,DNg17,R,2,2.0,2,1,descending_neuron,True,False,0.0,0.5,0.5416666666666667,0.5,0.5,0.0,0.0,-1.0,0.0,0.0,0.0,0.0,True,False,False
256,DNg18_a,L,2,3.0,3,2,descending_neuron,True,True,1.5033020484418365,0.6666666666666666,0.6628787878787878,0.7689393939393939,0.696969696969697,-0.2169922044941628,1.0,1.0,0.0,0.03333333333333333,0.03333333333333333,0.03333333333333333,True,False,True
257,DNg18_a,R,2,3.0,3,1,descending_neuron,True,False,0.10867243723675919,0.5833333333333334,0.5833333333333334,0.5416666666666666,0.5833333333333334,0.028903665650803986,1.0,1.0,0.0,0.0,0.0,0.0,True,False,True
258,DNg18_b,L,2,3.0,3,3,descending_neuron,True,True,1.6783854195454495,0.8333333333333334,0.5189393939393939,0.7310606060606061,0.5265151515151515,-0.030121251563631504,1.0,1.0,0.022222222222222855,0.04444444444444192,0.044444444444434336,0.044444444444434336,True,False,True
259,DNg18_b,R,2,2.6666666666666665,3,3,descending_neuron,True,True,1.6783854195454442,0.8333333333333334,0.8295454545454546,0.7916666666666666,0.7689393939393939,0.224384562873074,1.0,1.0,0.022222222222222855,0.04444444444444334,0.04444444444444192,0.044444444444434336,True,True,True
260,DNg19,L,2,3.0,3,1,descending_neuron,True,True,3.0066040968836734,0.5378787878787878,0.6212121212121212,0.5075757575757576,0.5454545454545454,-0.018613803157904944,-1.0,1.0,0.06666666666666667,0.06666666666666667,0.06666666666666667,0.06666666666666667,True,False,False
261,DNg19,R,2,2.0,2,1,descending_neuron,True,True,0.6882587691661416,0.7159090909090909,0.5681818181818182,0.6136363636363636,0.6628787878787878,-0.19951865152835285,1.0,1.0,0.0,0.0,0.0,0.0,True,False,True
262,DNg20,L,2,3.0,3,1,descending_neuron,True,False,0.36224145745586395,0.5416666666666666,0.5378787878787878,0.625,0.5492424242424243,0.01135777126060636,1.0,-1.0,0.0,0.0,0.0,0.0,True,False,False
263,DNg20,R,2,3.0,3,1,descending_neuron,True,True,2.0647763074984242,0.5265151515151515,0.5681818181818181,0.553030303030303,0.6212121212121212,0.09924770559756611,1.0,-1.0,0.06666666666666667,0.05,0.06666666666666667,0.06666666666666667,True,False,False
264,DNg21,L,2,2.0,2,1,descending_neuron,True,False,0.0724482914911728,0.5454545454545454,0.5,0.5454545454545454,0.5,0.0,-1.0,0.0,0.0,0.0,0.0,0.0,True,False,False
265,DNg21,R,2,3.0,3,1,descending_neuron,True,False,0.0724482914911728,0.5454545454545454,0.5,0.5454545454545454,0.5,0.0,-1.0,0.0,0.0,0.0,0.0,0.0,True,False,False
266,DNg22,L,2,2.0,2,1,descending_neuron,True,True,0.5071380404382095,0.5454545454545454,0.5984848484848485,0.5037878787878788,0.5340909090909091,-0.10958454238543207,1.0,1.0,0.0,0.0,0.0,0.0,True,False,True
267,DNg22,R,2,2.0,2,1,descending_neuron,True,False,0.5071380404382095,0.6022727272727273,0.5795454545454546,0.5909090909090908,0.5037878787878788,0.19449665130387472,-1.0,1.0,0.0,0.0,0.0,0.0,True,False,False
268,DNg23,L,2,3.0,3,1,descending_neuron,True,True,2.3907936192087025,0.6856060606060606,0.6477272727272727,0.553030303030303,0.7272727272727273,-0.1264658157723913,-1.0,1.0,0.06666666666666667,0.06666666666666667,0.06666666666666667,0.06666666666666667,True,False,False
269,DNg23,R,2,3.0,3,1,descending_neuron,True,True,2.716810930918981,0.678030303030303,0.5378787878787878,0.5265151515151515,0.5568181818181818,0.05091078317288677,-1.0,-1.0,0.06666666666666667,0.06666666666666667,0.06666666666666667,0.06666666666666667,True,False,True
270,DNg24,L,2,2.0,2,1,descending_neuron,True,True,0.5433621861837958,0.7159090909090909,0.7651515151515151,0.6628787878787878,0.7878787878787878,0.08454315636097946,1.0,1.0,0.0,0.0,0.0,0.0,True,False,True
271,DNg24,R,2,2.0,2,1,descending_neuron,True,True,0.6520346234205552,0.5378787878787878,0.6515151515151515,0.5795454545454546,0.7045454545454546,-0.22697729311273623,-1.0,1.0,0.0,0.0,0.0,0.0,True,False,False
272,DNg26,L,2,2.5,2,2,descending_neuron,True,True,2.8979316596469125,0.6477272727272727,0.6212121212121212,0.625,0.5378787878787878,-0.18904716769928157,-1.0,-1.0,0.06666666666666667,0.06666666666666667,0.06666666666666667,0.06666666666666667,True,False,True
273,DNg26,R,2,2.0,2,2,descending_neuron,True,True,3.2963972628483655,0.5416666666666667,0.5075757575757576,0.5416666666666667,0.5454545454545454,-0.045454545454545484,-1.0,-1.0,0.06666666666666667,0.06666666666666667,0.06666666666666667,0.06666666666666667,True,False,True
274,DNg27,L,2,2.0,2,1,descending_neuron,True,False,0.0,0.5,0.5,0.5,0.5,0.0,0.0,0.0,0.0,0.0,0.0,0.0,True,False,False
275,DNg27,R,2,2.0,2,1,descending_neuron,True,False,0.0,0.5,0.5,0.5,0.5,0.0,0.0,0.0,0.0,0.0,0.0,0.0,True,False,False
276,DNg29,L,2,2.0,2,1,descending_neuron,True,False,0.0,0.5,0.5,0.5,0.5,0.0,0.0,0.0,0.0,0.0,0.0,0.0,True,False,False
277,DNg29,R,2,2.0,2,1,descending_neuron,True,False,0.0,0.5,0.5,0.5,0.5,0.0,0.0,0.0,0.0,0.0,0.0,0.0,True,False,False
278,DNg30,L,2,2.0,2,1,descending_neuron,True,True,3.4775179915762977,0.5037878787878788,0.5075757575757576,0.5037878787878788,0.5454545454545454,-0.31252705510589024,-1.0,1.0,0.06666666666666667,0.06666666666666667,0.06666666666666667,0.06666666666666667,True,False,False
279,DNg30,R,2,2.0,2,1,descending_neuron,True,True,3.984656032014507,0.5340909090909092,0.6856060606060606,0.5075757575757576,0.5984848484848485,-0.2812499999999999,-1.0,-1.0,0.06666666666666667,0.06666666666666667,0.06666666666666667,0.06666666666666667,True,False,True
280,DNg31,L,2,3.0,3,1,descending_neuron,True,False,0.0724482914911728,0.5416666666666667,0.5416666666666666,0.5,0.5416666666666666,0.04545454545454545,-1.0,1.0,0.0,0.0,0.0,0.0,True,False,False
281,DNg31,R,2,3.0,3,1,descending_neuron,True,False,0.5071380404382095,0.625,0.5833333333333334,0.5037878787878788,0.5833333333333334,-0.2127661240867475,1.0,1.0,0.0,0.0,0.0,0.0,True,False,True
282,DNg32,L,2,2.0,2,1,descending_neuron,True,True,2.3907936192087025,0.8787878787878788,0.8257575757575757,0.875,0.875,0.5139940529625884,-1.0,-1.0,0.06666666666666667,0.0,0.06666666666666667,0.06666666666666667,True,True,True
283,DNg32,R,2,2.0,2,1,descending_neuron,True,False,0.21734487447351838,0.5378787878787878,0.5416666666666666,0.5454545454545454,0.5416666666666666,0.025854384499750957,-1.0,1.0,0.0,0.0,0.0,0.0,True,False,False
284,DNg33,L,2,2.0,2,1,descending_neuron,True,True,22.748763528228245,0.5681818181818182,0.5340909090909091,0.5492424242424242,0.5,0.28284271247461906,1.0,1.0,0.4666666666666667,0.4666666666666667,0.4666666666666667,0.4666666666666667,True,False,True
285,DNg33,R,2,2.0,2,1,descending_neuron,True,True,22.748763528228245,0.5681818181818182,0.5795454545454546,0.5492424242424242,0.5454545454545454,0.3248931448269655,1.0,1.0,0.4666666666666667,0.4666666666666667,0.4666666666666667,0.4666666666666667,True,False,True
286,DNg34,L,2,2.0,2,1,descending_neuron,True,True,4.129552614996853,0.5492424242424243,0.7310606060606061,0.5151515151515151,0.8106060606060606,0.19927255953565018,-1.0,-1.0,0.06666666666666667,0.06666666666666667,0.06666666666666667,0.06666666666666667,True,False,True
287,DNg34,R,2,2.0,2,1,descending_neuron,True,True,3.115276534120433,0.6212121212121212,0.6590909090909092,0.5833333333333333,0.5833333333333333,0.0,-1.0,-1.0,0.06666666666666667,0.06666666666666667,0.06666666666666667,0.06666666666666667,True,False,True
288,DNg35,L,2,2.0,2,1,descending_neuron,True,False,0.0724482914911728,0.5416666666666666,0.5378787878787878,0.5416666666666666,0.5833333333333334,0.019968076595771787,1.0,1.0,0.0,0.0,0.0,0.0,True,False,True
289,DNg35,R,2,2.0,2,1,descending_neuron,True,False,0.1448965829823456,0.5833333333333334,0.5,0.5416666666666666,0.5,0.0,1.0,0.0,0.0,0.0,0.0,0.0,True,False,False
290,DNg36_a,L,2,2.0,2,2,descending_neuron,True,True,16.789891553079308,0.678030303030303,0.6060606060606061,0.678030303030303,0.7310606060606061,0.07003706546823195,1.0,1.0,0.3333333333333333,0.3333333333333333,0.3333333333333333,0.3333333333333333,True,False,True
291,DNg36_a,R,2,2.0,2,2,descending_neuron,True,True,16.047296565294786,0.7992424242424242,0.5492424242424243,0.7121212121212122,0.5681818181818182,0.15848577035006545,1.0,-1.0,0.3,0.3333333333333333,0.3333333333333333,0.3333333333333333,True,False,False
292,DNg36_b,L,2,2.0,2,2,descending_neuron,True,True,4.727251019799025,0.9659090909090909,0.9924242424242424,0.9772727272727273,0.9772727272727273,0.8802441906887787,1.0,1.0,0.06666666666666667,0.13333333333333333,0.1,0.1,True,True,True
293,DNg36_b,R,2,2.0,2,3,descending_neuron,True,True,4.29859862847627,0.9886363636363636,0.8977272727272727,0.9393939393939394,0.9621212121212122,0.7853678367788115,1.0,1.0,0.06666666666666857,0.11111111111111996,0.08888888888880804,0.08888888888888384,True,True,True
294,DNg37,L,2,3.0,3,1,descending_neuron,True,False,0.0,0.5,0.5,0.5,0.5,0.0,0.0,0.0,0.0,0.0,0.0,0.0,True,False,False
295,DNg37,R,2,2.0,2,1,descending_neuron,True,False,0.0,0.5,0.5,0.5,0.5,0.0,0.0,0.0,0.0,0.0,0.0,0.0,True,False,False
296,DNg38,L,2,3.0,3,1,descending_neuron,True,False,0.21734487447351838,0.625,0.5378787878787878,0.5416666666666666,0.5037878787878788,0.01470588235294116,1.0,1.0,0.0,0.0,0.0,0.0,True,False,True
297,DNg38,R,2,3.0,3,1,descending_neuron,True,False,0.21734487447351838,0.5416666666666666,0.5037878787878788,0.5416666666666666,0.5,-0.03742405942825594,1.0,1.0,0.0,0.0,0.0,0.0,True,False,True
298,DNg39,L,2,2.0,2,1,descending_neuron,True,False,0.0724482914911728,0.5416666666666667,0.5833333333333334,0.5,0.5833333333333334,-0.690849279707757,-1.0,1.0,0.0,0.0,0.0,0.0,True,False,False
299,DNg39,R,2,2.0,2,1,descending_neuron,True,False,0.3260173117102776,0.5340909090909092,0.5340909090909092,0.5,0.5568181818181819,0.018624800409603008,-1.0,-1.0,0.0,0.0,0.0,0.0,True,False,True
300,DNg40,L,2,2.0,2,1,descending_neuron,True,True,12.243761262008208,0.625,0.6022727272727273,0.6022727272727273,0.5984848484848485,0.7523547938632786,1.0,1.0,0.26666666666666666,0.26666666666666666,0.26666666666666666,0.26666666666666666,True,False,True
301,DNg40,R,2,2.0,2,1,descending_neuron,True,True,13.040692468411114,0.5833333333333334,0.5833333333333334,0.5454545454545454,0.5454545454545454,1.0,1.0,1.0,0.26666666666666666,0.26666666666666666,0.26666666666666666,0.26666666666666666,True,False,True
302,DNg41,L,2,2.0,2,1,descending_neuron,True,True,10.975916160912682,0.8977272727272727,0.8522727272727273,0.8863636363636364,0.875,0.8213032973612872,-1.0,-1.0,0.26666666666666666,0.2,0.2,0.2,True,True,True
303,DNg41,R,2,2.0,2,1,descending_neuron,True,True,10.613674703456818,0.7803030303030303,0.6553030303030303,0.8560606060606061,0.7462121212121212,0.37422927064394595,-1.0,-1.0,0.26666666666666666,0.2,0.26666666666666666,0.2,True,False,True
304,DNg42,L,2,2.0,2,1,descending_neuron,True,True,3.4775179915762977,0.5833333333333334,0.5833333333333334,0.5833333333333334,0.5833333333333334,1.0705240825416637e-18,1.0,1.0,0.06666666666666667,0.06666666666666667,0.06666666666666667,0.06666666666666667,True,False,True
305,DNg42,R,2,2.0,2,1,descending_neuron,True,True,3.4775179915762977,0.5833333333333334,0.5416666666666666,0.5416666666666666,0.5,-7.395707913337164e-19,1.0,1.0,0.06666666666666667,0.06666666666666667,0.06666666666666667,0.06666666666666667,True,False,True
306,DNg43,L,2,3.0,3,1,descending_neuron,True,True,0.5795863319293824,0.571969696969697,0.7272727272727273,0.5757575757575758,0.7803030303030303,0.06414374531235237,1.0,1.0,0.0,0.0,0.0,0.0,True,False,True
307,DNg43,R,2,2.0,2,1,descending_neuron,True,False,0.5795863319293824,0.5,0.5,0.5075757575757576,0.5378787878787878,-0.2087117774841805,0.0,0.0,0.0,0.0,0.0,0.0,True,False,False
308,DNg44,L,2,3.0,3,1,descending_neuron,True,True,3.2601731171027786,0.5416666666666666,0.5454545454545454,0.5,0.5454545454545454,0.045454545454545456,1.0,1.0,0.06666666666666667,0.06666666666666667,0.06666666666666667,0.06666666666666667,True,False,True
309,DNg44,R,2,3.0,3,1,descending_neuron,True,True,1.9198797245160788,0.5416666666666666,0.5075757575757576,0.5265151515151515,0.6022727272727273,-0.388565647532935,1.0,1.0,0.06666666666666667,0.06666666666666667,0.06666666666666667,0.06666666666666667,True,False,True
310,DNg45,L,2,2.0,2,1,descending_neuron,True,True,2.897931659646914,0.6590909090909091,0.5416666666666667,0.6363636363636364,0.5378787878787878,-0.2907899990188998,1.0,-1.0,0.06666666666666667,0.06666666666666667,0.06666666666666667,0.06666666666666667,True,False,False
311,DNg45,R,2,2.0,2,1,descending_neuron,True,True,2.0647763074984242,0.6325757575757576,0.553030303030303,0.6363636363636364,0.5227272727272727,-0.3798761013481535,1.0,-1.0,0.06666666666666667,0.06666666666666667,0.06666666666666667,0.06666666666666667,True,False,False
312,DNg46,L,2,2.0,2,1,descending_neuron,True,True,3.767311157540989,0.9356060606060606,0.9393939393939394,0.9810606060606061,1.0,0.9300353685710229,1.0,1.0,0.0,0.13333333333333333,0.13333333333333333,0.06666666666666667,True,True,True
313,DNg46,R,2,2.0,2,1,descending_neuron,True,True,3.332621408593951,0.9431818181818182,0.9318181818181818,0.9242424242424242,0.9431818181818182,0.8504764147418478,1.0,1.0,0.0,0.13333333333333333,0.06666666666666667,0.06666666666666667,True,True,True
314,DNg47,L,2,3.0,3,1,descending_neuron,True,False,0.0362241457455864,0.5416666666666666,0.5,0.5416666666666666,0.5,0.0,1.0,0.0,0.0,0.0,0.0,0.0,True,False,False
315,DNg47,R,2,3.0,3,1,descending_neuron,True,False,0.0,0.5,0.5416666666666666,0.5,0.5416666666666666,0.0,0.0,1.0,0.0,0.0,0.0,0.0,True,False,False
316,DNg48,L,2,3.0,3,1,descending_neuron,True,False,0.1448965829823456,0.5909090909090908,0.5454545454545454,0.5909090909090908,0.5,0.0657951694959769,-1.0,1.0,0.0,0.0,0.0,0.0,True,False,False
317,DNg48,R,2,2.0,2,1,descending_neuron,True,False,0.0724482914911728,0.5416666666666666,0.5454545454545454,0.5416666666666666,0.5454545454545454,-0.045454545454545456,1.0,-1.0,0.0,0.0,0.0,0.0,True,False,False
318,DNg49,L,2,2.0,2,1,descending_neuron,True,False,0.0,0.5,0.6363636363636364,0.5,0.5,0.0,0.0,1.0,0.0,0.0,0.0,0.0,True,False,False
319,DNg49,R,2,2.0,2,1,descending_neuron,True,False,0.1448965829823456,0.5833333333333334,0.5416666666666666,0.5416666666666666,0.5416666666666666,-7.395707913337165e-19,1.0,1.0,0.0,0.0,0.0,0.0,True,False,True
320,DNg50,L,2,2.0,2,1,descending_neuron,True,True,2.8617075139013273,0.5416666666666666,0.553030303030303,0.5568181818181818,0.6439393939393939,0.040946331782446055,1.0,1.0,0.06666666666666667,0.06666666666666667,0.06666666666666667,0.06666666666666667,True,False,True
321,DNg50,R,2,2.0,2,1,descending_neuron,True,True,1.5938624128058014,0.5606060606060606,0.5075757575757576,0.5643939393939394,0.5643939393939394,0.20315068394629504,1.0,1.0,0.0,0.06666666666666667,0.06666666666666667,0.06666666666666667,True,False,True
322,DNg51,L,2,2.0,2,2,descending_neuron,True,False,0.0,0.5,0.5,0.5,0.5,0.0,0.0,0.0,0.0,0.0,0.0,0.0,True,False,False
323,DNg51,R,2,2.0,2,2,descending_neuron,True,False,0.0,0.5,0.5,0.5,0.5,0.0,0.0,0.0,0.0,0.0,0.0,0.0,True,False,False
324,"DNg52_a,DNg52_b",L,2,2.0,2,2,descending_neuron,True,True,3.1515006798660194,0.6363636363636364,0.553030303030303,0.6818181818181818,0.5454545454545454,0.08490566037735843,1.0,-1.0,0.06666666666666667,0.06666666666666667,0.06666666666666667,0.06666666666666667,True,False,False
325,"DNg52_a,DNg52_b",R,2,2.0,2,2,descending_neuron,True,True,3.1515006798660194,0.6212121212121212,0.6666666666666666,0.6363636363636364,0.6363636363636364,0.43929768510697953,1.0,1.0,0.06666666666666667,0.06666666666666667,0.06666666666666667,0.06666666666666667,True,False,True
326,DNg53,L,2,3.0,3,1,descending_neuron,True,True,4.202000906488025,0.5037878787878788,0.6136363636363636,0.5340909090909091,0.5378787878787878,-0.130831599059742,1.0,1.0,0.06666666666666667,0.06666666666666667,0.06666666666666667,0.06666666666666667,True,False,True
327,DNg53,R,2,3.0,3,1,descending_neuron,True,True,4.419345780961543,0.5265151515151515,0.6515151515151515,0.5606060606060606,0.5909090909090908,0.22519333564063665,1.0,-1.0,0.06666666666666667,0.06666666666666667,0.06666666666666667,0.06666666666666667,True,False,False
328,DNg54,L,2,3.0,3,1,descending_neuron,True,False,0.0,0.5,0.5,0.5,0.5,0.0,0.0,0.0,0.0,0.0,0.0,0.0,True,False,False
329,DNg54,R,2,3.0,3,1,descending_neuron,True,False,0.0724482914911728,0.5416666666666666,0.5,0.5416666666666666,0.5,0.0,1.0,0.0,0.0,0.0,0.0,0.0,True,False,False
330,DNg56,L,2,2.0,2,1,descending_neuron,True,True,0.5795863319293824,0.7348484848484849,0.7878787878787878,0.7272727272727273,0.6893939393939394,0.0885792447792556,-1.0,-1.0,0.0,0.0,0.0,0.0,True,False,True
331,DNg56,R,2,2.0,2,1,descending_neuron,True,True,0.7607070606573143,0.6515151515151515,0.696969696969697,0.6401515151515151,0.6818181818181819,0.31029532036546725,-1.0,-1.0,0.0,0.0,0.0,0.0,True,False,True
332,DNg57,L,2,3.0,3,1,descending_neuron,True,True,1.5938624128058014,0.553030303030303,0.6401515151515151,0.5227272727272727,0.6931818181818181,-0.15038462650773904,1.0,-1.0,0.0,0.03333333333333333,0.06666666666666667,0.06666666666666667,False,False,False
333,DNg57,R,2,2.0,2,1,descending_neuron,True,True,3.332621408593952,0.5,0.5,0.5,0.5,0.0,0.0,0.0,0.06666666666666667,0.06666666666666667,0.06666666666666667,0.06666666666666667,True,False,False
334,DNg58,L,2,3.0,3,1,descending_neuron,True,True,1.3765175383322832,0.6628787878787878,0.7310606060606061,0.7765151515151515,0.7765151515151515,0.17340965412767148,-1.0,-1.0,0.06666666666666667,0.0,0.0,0.0,True,False,True
335,DNg58,R,2,3.0,3,1,descending_neuron,True,True,1.4489658298234558,0.7727272727272727,0.7310606060606061,0.9545454545454546,0.7765151515151515,0.2481192639939153,-1.0,-1.0,0.06666666666666667,0.0,0.0,0.0,True,False,True
336,DNg59,L,2,2.0,2,1,descending_neuron,True,False,0.2897931659646912,0.5795454545454546,0.6212121212121212,0.5037878787878788,0.5454545454545454,-0.29078999901889985,-1.0,-1.0,0.0,0.0,0.0,0.0,True,False,True
337,DNg59,R,2,2.0,2,1,descending_neuron,True,False,0.2897931659646912,0.5833333333333333,0.5075757575757576,0.5492424242424243,0.5075757575757576,-0.06212365249219366,-1.0,-1.0,0.0,0.0,0.0,0.0,True,False,True
338,DNg60,L,2,3.0,3,1,descending_neuron,True,False,0.5433621861837958,0.5757575757575758,0.6666666666666667,0.5757575757575758,0.6363636363636364,0.23306463665374882,1.0,-1.0,0.0,0.0,0.0,0.0,True,False,False
339,DNg60,R,2,3.0,3,1,descending_neuron,True,False,0.2535690202191048,0.6590909090909091,0.5,0.5833333333333334,0.5833333333333334,-3.9713579464580534e-19,1.0,0.0,0.0,0.0,0.0,0.0,True,False,False
340,DNg61,L,2,3.0,3,1,descending_neuron,True,False,0.0,0.5,0.5,0.5,0.5416666666666666,0.0,0.0,0.0,0.0,0.0,0.0,0.0,True,False,False
341,DNg61,R,2,3.0,3,1,descending_neuron,True,False,0.0,0.5,0.5833333333333333,0.5,0.5,0.0,0.0,-1.0,0.0,0.0,0.0,0.0,True,False,False
342,DNg62,L,2,3.0,3,1,descending_neuron,True,False,0.0724482914911728,0.5416666666666666,0.5,0.5416666666666666,0.5,0.0,1.0,0.0,0.0,0.0,0.0,0.0,True,False,False
343,DNg62,R,2,3.0,3,1,descending_neuron,True,False,0.0,0.5,0.5,0.5,0.5,0.0,0.0,0.0,0.0,0.0,0.0,0.0,True,False,False
344,DNg63,L,2,3.0,3,1,descending_neuron,True,False,0.0,0.5,0.5,0.5,0.5,0.0,0.0,0.0,0.0,0.0,0.0,0.0,True,False,False
345,DNg63,R,2,3.0,3,1,descending_neuron,True,False,0.1448965829823456,0.5833333333333333,0.5,0.5,0.5,0.0,-1.0,0.0,0.0,0.0,0.0,0.0,True,False,False
346,DNg64,L,2,2.0,2,1,descending_neuron,True,True,1.3765175383322832,0.821969696969697,0.9545454545454546,0.9583333333333334,0.9128787878787878,0.6904202792092073,1.0,1.0,0.0,0.06666666666666667,0.0,0.0,True,True,True
347,DNg64,R,2,3.0,3,1,descending_neuron,True,True,1.1591726638587647,0.9318181818181818,0.7689393939393939,0.9583333333333334,0.7916666666666666,0.6005021407206313,1.0,1.0,0.0,0.06666666666666667,0.0,0.0,True,False,True
348,DNg65,L,2,3.0,3,1,descending_neuron,True,False,0.0,0.5,0.5,0.5,0.5,0.0,0.0,0.0,0.0,0.0,0.0,0.0,True,False,False
349,DNg65,R,2,3.0,3,1,descending_neuron,True,False,0.0,0.5,0.5454545454545454,0.5,0.5,0.0,0.0,1.0,0.0,0.0,0.0,0.0,True,False,False
350,DNg67,L,2,3.0,3,1,descending_neuron,True,True,0.5433621861837958,0.5757575757575758,0.6098484848484849,0.625,0.5113636363636364,-0.06649358901362343,1.0,-1.0,0.0,0.0,0.0,0.0,True,False,False
351,DNg67,R,2,2.0,2,1,descending_neuron,True,True,2.970379951138087,0.5909090909090909,0.5416666666666667,0.6060606060606061,0.5833333333333333,-0.20661120109236975,1.0,-1.0,0.06666666666666667,0.06666666666666667,0.06666666666666667,0.06666666666666667,True,False,False
352,DNg68,L,2,3.0,3,1,descending_neuron,True,False,0.0,0.5,0.5,0.5,0.5454545454545454,0.0,0.0,0.0,0.0,0.0,0.0,0.0,True,False,False
353,DNg68,R,2,3.0,3,1,descending_neuron,True,False,0.0724482914911728,0.5454545454545454,0.5454545454545454,0.5454545454545454,0.5,0.045454545454545484,-1.0,1.0,0.0,0.0,0.0,0.0,True,False,False
354,DNg69,L,2,3.0,3,1,descending_neuron,True,True,0.5433621861837958,0.5681818181818182,0.6818181818181818,0.5378787878787878,0.6628787878787878,-0.1325242995439134,1.0,1.0,0.0,0.0,0.0,0.0,True,False,True
355,DNg69,R,2,3.0,3,1,descending_neuron,True,False,0.2897931659646912,0.6666666666666667,0.5037878787878788,0.6363636363636364,0.5037878787878788,0.3125270551058903,-1.0,-1.0,0.0,0.0,0.0,0.0,True,False,True
356,DNg70,L,2,2.0,2,1,descending_neuron,True,True,3.332621408593952,0.5,0.5454545454545454,0.5,0.5,0.0,0.0,1.0,0.06666666666666667,0.06666666666666667,0.06666666666666667,0.06666666666666667,True,False,False
357,DNg70,R,2,3.0,3,1,descending_neuron,True,True,3.2601731171027786,0.5416666666666666,0.5,0.5,0.5,0.0,1.0,0.0,0.06666666666666667,0.06666666666666667,0.06666666666666667,0.06666666666666667,True,False,False
358,DNg71,L,2,2.0,2,1,descending_neuron,True,True,2.7530350766645677,0.7348484848484849,0.7651515151515151,0.75,0.7916666666666666,0.3561368797744226,-1.0,-1.0,0.06666666666666667,0.03333333333333333,0.06666666666666667,0.06666666666666667,True,False,True
359,DNg71,R,2,2.0,2,1,descending_neuron,True,True,2.5356902021910486,0.6136363636363636,0.803030303030303,0.75,0.875,-0.08890902093925208,-1.0,-1.0,0.06666666666666667,0.03333333333333333,0.06666666666666667,0.06666666666666667,True,False,True
360,DNg72,L,2,3.0,3,2,descending_neuron,True,False,0.25356902021910477,0.6136363636363636,0.6212121212121212,0.553030303030303,0.5833333333333334,-0.5255173637542598,-1.0,1.0,0.0,0.0,0.0,0.0,True,False,False
361,DNg72,R,2,3.0,3,2,descending_neuron,True,False,0.1448965829823456,0.5,0.5075757575757576,0.5833333333333334,0.5416666666666667,0.0,0.0,1.0,0.0,0.0,0.0,0.0,True,False,False
362,DNg73,L,2,3.0,3,1,descending_neuron,True,True,1.2316209553499373,0.5340909090909091,0.5151515151515151,0.6590909090909091,0.6818181818181819,-0.044751203637101104,1.0,-1.0,0.0,0.03333333333333333,0.0,0.0,True,False,False
363,DNg73,R,2,3.0,3,1,descending_neuron,True,True,0.8693794978940735,0.7045454545454546,0.5643939393939394,0.7310606060606061,0.5416666666666666,-0.12300625177072723,-1.0,-1.0,0.06666666666666667,0.0,0.0,0.0,True,False,True
364,DNg74_a,L,2,2.0,2,1,descending_neuron,True,True,0.9780519351308327,0.6212121212121212,0.5909090909090908,0.7196969696969697,0.6401515151515151,0.021175417851761226,-1.0,-1.0,0.06666666666666667,0.0,0.0,0.0,True,False,True
365,DNg74_a,R,2,2.0,2,1,descending_neuron,True,True,0.6520346234205552,0.5340909090909091,0.5037878787878788,0.5340909090909091,0.5378787878787878,0.012037713042133191,1.0,1.0,0.0,0.0,0.0,0.0,True,False,True
366,DNg74_b,L,2,2.0,2,1,descending_neuron,True,False,0.2897931659646912,0.5795454545454546,0.5454545454545454,0.5037878787878788,0.5454545454545454,0.0,1.0,-1.0,0.0,0.0,0.0,0.0,True,False,False
367,DNg74_b,R,2,2.0,2,1,descending_neuron,True,False,0.5071380404382095,0.5227272727272727,0.5416666666666666,0.5113636363636364,0.5833333333333334,-0.05199314567548149,1.0,1.0,0.0,0.0,0.0,0.0,True,False,True
368,DNg75,L,2,2.0,2,1,descending_neuron,True,False,0.0,0.5,0.5,0.5,0.5,0.0,0.0,0.0,0.0,0.0,0.0,0.0,True,False,False
369,DNg75,R,2,2.0,2,1,descending_neuron,True,False,0.0,0.5,0.5,0.5,0.5,0.0,0.0,0.0,0.0,0.0,0.0,0.0,True,False,False
370,DNg76,L,2,2.0,2,1,descending_neuron,True,False,0.43468974894703677,0.5757575757575758,0.5,0.5795454545454546,0.5,0.0,1.0,0.0,0.0,0.0,0.0,0.0,True,False,False
371,DNg76,R,2,3.0,3,1,descending_neuron,True,False,0.10867243723675919,0.5075757575757576,0.5,0.5075757575757576,0.5,0.0,-1.0,0.0,0.0,0.0,0.0,0.0,True,False,False
372,DNg77,L,2,3.0,3,1,descending_neuron,True,False,0.0,0.5,0.5,0.5,0.5,0.0,0.0,0.0,0.0,0.0,0.0,0.0,True,False,False
373,DNg77,R,2,3.0,3,1,descending_neuron,True,False,0.0724482914911728,0.5454545454545454,0.5037878787878788,0.5,0.5037878787878788,0.06579516949597694,1.0,-1.0,0.0,0.0,0.0,0.0,True,False,False
374,DNg78,L,2,2.0,2,1,descending_neuron,True,False,0.0,0.5,0.5416666666666666,0.5,0.5416666666666666,0.0,0.0,1.0,0.0,0.0,0.0,0.0,True,False,False
375,DNg78,R,2,3.0,3,1,descending_neuron,True,False,0.0,0.5,0.5,0.5,0.5,0.0,0.0,0.0,0.0,0.0,0.0,0.0,True,False,False
376,DNg79,L,2,2.0,2,2,descending_neuron,True,True,0.742594987784521,0.6742424242424243,0.7348484848484849,0.6931818181818181,0.7045454545454546,0.1840690058090925,-1.0,-1.0,0.03333333333333333,0.0,0.0,0.0,True,False,True
377,DNg79,R,2,2.0,2,2,descending_neuron,True,True,1.5214141213146297,0.6856060606060606,0.8295454545454546,0.696969696969697,0.7727272727272727,0.3472093743564659,-1.0,-1.0,0.03333333333333333,0.03333333333333333,0.03333333333333333,0.03333333333333333,True,False,True
378,DNg80,L,2,2.0,2,1,descending_neuron,True,False,0.0,0.5,0.5,0.5,0.5,0.0,0.0,0.0,0.0,0.0,0.0,0.0,True,False,False
379,DNg80,R,2,2.0,2,1,descending_neuron,True,False,0.0,0.5,0.5416666666666666,0.5,0.5416666666666666,0.0,0.0,1.0,0.0,0.0,0.0,0.0,True,False,False
380,DNg81,L,2,2.0,2,1,descending_neuron,True,False,0.43468974894703677,0.5757575757575758,0.5416666666666666,0.5795454545454546,0.5833333333333334,-0.17601701539454873,1.0,1.0,0.0,0.0,0.0,0.0,True,False,True
381,DNg81,R,2,3.0,3,1,descending_neuron,True,False,0.1448965829823456,0.5037878787878788,0.5416666666666667,0.5037878787878788,0.5,0.06579516949597693,-1.0,-1.0,0.0,0.0,0.0,0.0,True,False,True
382,DNg82,L,2,2.0,2,2,descending_neuron,True,True,1.7025348500425617,0.5681818181818182,0.7462121212121212,0.5303030303030303,0.6174242424242424,0.1698630162523246,1.0,1.0,0.03333333333333333,0.03333333333333333,0.03333333333333333,0.03333333333333333,True,False,True
383,DNg82,R,2,2.0,2,2,descending_neuron,True,False,0.3260173117102776,0.5643939393939394,0.6742424242424243,0.5378787878787878,0.6893939393939394,0.1281620994053008,1.0,-1.0,0.0,0.0,0.0,0.0,True,False,False
384,DNg83,L,2,3.0,3,1,descending_neuron,True,False,0.21734487447351838,0.6212121212121212,0.6553030303030303,0.5833333333333334,0.5833333333333334,0.26189858568441016,1.0,1.0,0.0,0.0,0.0,0.0,True,False,True
385,DNg83,R,2,3.0,3,1,descending_neuron,True,False,0.0,0.5,0.6136363636363636,0.5,0.5909090909090908,0.0,0.0,-1.0,0.0,0.0,0.0,0.0,True,False,False
386,DNg84,L,2,3.0,3,1,descending_neuron,True,False,0.0,0.5,0.5,0.5,0.5,0.0,0.0,0.0,0.0,0.0,0.0,0.0,True,False,False
387,DNg84,R,2,3.0,3,1,descending_neuron,True,False,0.0,0.5,0.5,0.5,0.5,0.0,0.0,0.0,0.0,0.0,0.0,0.0,True,False,False
388,DNg85,L,2,3.0,3,1,descending_neuron,True,False,0.0724482914911728,0.5416666666666666,0.5,0.5416666666666666,0.5,0.0,1.0,0.0,0.0,0.0,0.0,0.0,True,False,False
389,DNg85,R,2,3.0,3,1,descending_neuron,True,False,0.0,0.5,0.5,0.5,0.5,0.0,0.0,0.0,0.0,0.0,0.0,0.0,True,False,False
390,DNg86,L,2,2.0,2,1,descending_neuron,True,True,1.4127416840778693,0.7840909090909091,0.5909090909090908,0.8636363636363636,0.5151515151515151,0.37001376892671156,-1.0,-1.0,0.06666666666666667,0.0,0.06666666666666667,0.06666666666666667,True,False,True
391,DNg86,R,2,2.0,2,1,descending_neuron,True,True,2.0647763074984242,0.5416666666666667,0.6590909090909092,0.5946969696969697,0.6856060606060606,0.012366171772382327,-1.0,-1.0,0.06666666666666667,0.016666666666666666,0.06666666666666667,0.06666666666666667,True,False,True
392,DNg87,L,2,2.0,2,1,descending_neuron,True,False,0.1448965829823456,0.5037878787878788,0.5416666666666667,0.5,0.5037878787878788,0.037424059428255975,1.0,-1.0,0.0,0.0,0.0,0.0,True,False,False
393,DNg87,R,2,3.0,3,1,descending_neuron,True,False,0.1448965829823456,0.5037878787878788,0.5795454545454546,0.5,0.5909090909090908,-1.5139496763774354e-18,1.0,-1.0,0.0,0.0,0.0,0.0,True,False,False
394,DNg88,L,2,3.0,3,1,descending_neuron,True,False,0.0,0.5,0.5,0.5,0.5,0.0,0.0,0.0,0.0,0.0,0.0,0.0,True,False,False
395,DNg88,R,2,3.0,3,1,descending_neuron,True,False,0.0,0.5,0.5,0.5,0.5,0.0,0.0,0.0,0.0,0.0,0.0,0.0,True,False,False
396,DNg89,L,2,3.0,3,1,descending_neuron,True,False,0.36224145745586395,0.5416666666666667,0.5075757575757576,0.5075757575757576,0.5075757575757576,0.13207547169811323,-1.0,-1.0,0.0,0.0,0.0,0.0,True,False,True
397,DNg89,R,2,2.0,2,1,descending_neuron,True,False,0.36224145745586395,0.5378787878787878,0.5,0.5378787878787878,0.5,0.0,-1.0,0.0,0.0,0.0,0.0,0.0,True,False,False
398,DNg90,L,2,2.0,2,1,descending_neuron,True,False,0.3260173117102776,0.5037878787878788,0.5,0.5340909090909091,0.5378787878787878,-0.11341752367079445,1.0,0.0,0.0,0.0,0.0,0.0,True,False,False
399,DNg90,R,2,2.0,2,1,descending_neuron,True,False,0.0362241457455864,0.5416666666666667,0.5,0.5,0.5,0.0,-1.0,0.0,0.0,0.0,0.0,0.0,True,False,False
400,DNg91,L,2,2.0,2,1,descending_neuron,True,True,3.0428282426292594,0.6590909090909091,0.625,0.5909090909090909,0.5909090909090909,0.2907899990188998,1.0,1.0,0.06666666666666667,0.06666666666666667,0.06666666666666667,0.06666666666666667,True,False,True
401,DNg91,R,2,2.0,2,1,descending_neuron,True,True,2.897931659646914,0.5795454545454546,0.5757575757575758,0.5454545454545454,0.5492424242424242,0.18341849551669456,1.0,1.0,0.06666666666666667,0.06666666666666667,0.06666666666666667,0.06666666666666667,True,False,True
402,DNg92_a,L,2,2.0,2,1,descending_neuron,True,True,1.7025348500425603,0.9318181818181819,0.8409090909090909,0.8712121212121212,0.8674242424242424,0.7296638076004486,-1.0,-1.0,0.06666666666666667,0.0,0.06666666666666667,0.0,True,True,True
403,DNg92_a,R,2,2.0,2,1,descending_neuron,True,True,2.3183453277175294,0.8409090909090909,0.6515151515151515,0.7916666666666666,0.6666666666666667,0.27631240963417175,-1.0,-1.0,0.06666666666666667,0.0,0.06666666666666667,0.06666666666666667,True,False,True
404,DNg92_b,L,2,2.0,2,2,descending_neuron,True,True,2.2458970362263586,0.7803030303030303,0.696969696969697,0.821969696969697,0.7765151515151515,0.5251703009878947,-1.0,-1.0,0.06666666666666667,0.03333333333333333,0.03333333333333333,0.03333333333333333,True,False,True
405,DNg92_b,R,2,2.0,2,2,descending_neuron,True,True,1.6844227771697682,0.7803030303030303,0.5416666666666667,0.8143939393939394,0.5454545454545454,0.29763004028950024,-1.0,-1.0,0.03333333333333333,0.03333333333333333,0.03333333333333333,0.03333333333333333,True,False,True
406,DNg93,L,2,2.0,2,1,descending_neuron,True,False,0.0,0.5,0.5,0.5,0.5,0.0,0.0,0.0,0.0,0.0,0.0,0.0,True,False,False
407,DNg93,R,2,2.0,2,1,descending_neuron,True,False,0.0,0.5,0.5,0.5,0.5,0.0,0.0,0.0,0.0,0.0,0.0,0.0,True,False,False
408,DNg94,L,2,2.0,2,1,descending_neuron,True,True,0.7244829149117279,0.8106060606060606,0.7083333333333333,0.7310606060606061,0.7310606060606061,0.17380356090935048,-1.0,-1.0,0.06666666666666667,0.0,0.0,0.0,True,False,True
409,DNg94,R,2,2.0,2,1,descending_neuron,True,True,1.2316209553499373,0.8484848484848485,0.9545454545454546,0.9090909090909091,0.9090909090909091,0.7173780537289078,-1.0,-1.0,0.06666666666666667,0.0,0.0,0.0,True,True,True
410,DNg95,L,2,3.0,3,1,descending_neuron,True,True,2.970379951138087,0.6212121212121212,0.6893939393939394,0.5909090909090909,0.5378787878787878,-0.4505919309478298,1.0,-1.0,0.06666666666666667,0.06666666666666667,0.06666666666666667,0.06666666666666667,True,False,False
411,DNg95,R,2,2.0,2,1,descending_neuron,True,True,3.0428282426292594,0.5795454545454546,0.6401515151515151,0.5909090909090909,0.5454545454545454,-0.2157746612868187,1.0,-1.0,0.06666666666666667,0.06666666666666667,0.06666666666666667,0.06666666666666667,True,False,False
412,DNg96,L,2,2.0,2,1,descending_neuron,True,True,0.9056036436396598,0.7348484848484849,0.7272727272727273,0.7083333333333334,0.6666666666666666,0.40978872170808583,1.0,1.0,0.0,0.0,0.0,0.0,True,False,True
413,DNg96,R,2,2.0,2,1,descending_neuron,True,False,0.2897931659646912,0.5,0.5,0.5833333333333334,0.5833333333333334,-0.44917077594709165,0.0,0.0,0.0,0.0,0.0,0.0,True,False,False
414,DNg97,L,2,2.0,2,1,descending_neuron,True,True,2.3183453277175294,0.6212121212121212,0.5909090909090909,0.6856060606060606,0.7272727272727273,-0.019983227733355546,1.0,1.0,0.06666666666666667,0.06666666666666667,0.06666666666666667,0.06666666666666667,True,False,True
415,DNg97,R,2,2.0,2,1,descending_neuron,True,True,2.8254833681557403,0.5681818181818181,0.5227272727272727,0.5151515151515151,0.5113636363636364,0.183373201406727,-1.0,-1.0,0.06666666666666667,0.06666666666666667,0.06666666666666667,0.06666666666666667,True,False,True
416,DNg98,L,2,2.0,2,1,descending_neuron,True,True,3.332621408593952,0.5,0.5,0.5,0.5,0.0,0.0,0.0,0.06666666666666667,0.06666666666666667,0.06666666666666667,0.06666666666666667,True,False,False
417,DNg98,R,2,2.0,2,1,descending_neuron,True,True,3.332621408593952,0.5,0.5,0.5,0.5,0.0,0.0,0.0,0.06666666666666667,0.06666666666666667,0.06666666666666667,0.06666666666666667,True,False,False
418,DNg99,L,2,2.0,2,1,descending_neuron,True,False,0.0724482914911728,0.5416666666666667,0.5416666666666666,0.5,0.5416666666666666,-0.025854384499750957,-1.0,1.0,0.0,0.0,0.0,0.0,True,False,False
419,DNg99,R,2,2.0,2,1,descending_neuron,True,False,0.0,0.5,0.5,0.5,0.5,0.0,0.0,0.0,0.0,0.0,0.0,0.0,True,False,False
420,DNge001,L,2,3.0,3,1,descending_neuron,True,False,0.0,0.5,0.5,0.5,0.5,0.0,0.0,0.0,0.0,0.0,0.0,0.0,True,False,False
421,DNge001,R,2,3.0,3,2,descending_neuron,True,False,0.0724482914911728,0.5,0.5303030303030303,0.5416666666666666,0.5454545454545454,-0.3293790613225677,0.0,-1.0,0.0,0.0,0.0,0.0,True,False,False
422,DNge002,L,2,3.0,3,1,descending_neuron,True,True,0.8331553521484871,0.6401515151515151,0.5681818181818182,0.5681818181818182,0.5303030303030303,0.4174744790743302,1.0,1.0,0.0,0.0,0.0,0.0,True,False,True
423,DNge002,R,2,3.0,3,1,descending_neuron,True,True,1.4489658298234558,0.5757575757575757,0.5871212121212122,0.5643939393939394,0.6022727272727273,0.21852076045841226,-1.0,-1.0,0.06666666666666667,0.0,0.0,0.0,True,False,True
424,DNge003,L,2,2.0,2,1,descending_neuron,True,False,0.10867243723675919,0.5416666666666667,0.5,0.5416666666666666,0.5,0.0,-1.0,0.0,0.0,0.0,0.0,0.0,True,False,False
425,DNge003,R,2,3.0,3,1,descending_neuron,True,False,0.1448965829823456,0.5833333333333333,0.5,0.5,0.5,0.0,-1.0,0.0,0.0,0.0,0.0,0.0,True,False,False
426,DNge004,L,2,3.0,3,1,descending_neuron,True,False,0.0,0.5,0.5,0.5,0.5,0.0,0.0,0.0,0.0,0.0,0.0,0.0,True,False,False
427,DNge004,R,2,3.0,3,1,descending_neuron,True,False,0.5795863319293824,0.5984848484848485,0.6553030303030303,0.5984848484848485,0.5946969696969697,-0.06256877791406745,-1.0,-1.0,0.0,0.0,0.0,0.0,True,False,True
428,DNge006,L,2,2.0,2,1,descending_neuron,True,True,1.195396809604351,0.553030303030303,0.5340909090909091,0.553030303030303,0.6136363636363636,0.31454937368268343,-1.0,1.0,0.0,0.016666666666666666,0.0,0.0,True,False,False
429,DNge006,R,2,2.0,2,1,descending_neuron,True,True,2.2458970362263564,0.75,0.821969696969697,0.6893939393939394,0.8636363636363636,0.38583327217317276,1.0,1.0,0.0,0.06666666666666667,0.06666666666666667,0.06666666666666667,True,False,True
430,DNge007,L,2,2.0,2,1,descending_neuron,True,False,0.0,0.5,0.5,0.5,0.5,0.0,0.0,0.0,0.0,0.0,0.0,0.0,True,False,False
431,DNge007,R,2,3.0,3,1,descending_neuron,True,False,0.0,0.5,0.5,0.5,0.5,0.0,0.0,0.0,0.0,0.0,0.0,0.0,True,False,False
432,DNge008,L,2,3.0,3,1,descending_neuron,True,False,0.36224145745586395,0.5378787878787878,0.5,0.5037878787878788,0.5,0.0,-1.0,0.0,0.0,0.0,0.0,0.0,True,False,False
433,DNge008,R,2,3.0,3,1,descending_neuron,True,False,0.2535690202191048,0.5,0.5,0.5416666666666666,0.5378787878787878,0.06439963153212235,0.0,0.0,0.0,0.0,0.0,0.0,True,False,False
434,DNge009,L,2,3.0,3,2,descending_neuron,True,False,0.4709138946926231,0.5568181818181818,0.5454545454545454,0.5454545454545454,0.5416666666666666,0.17492139420673478,1.0,-1.0,0.0,0.0,0.0,0.0,True,False,False
435,DNge009,R,2,3.0,3,2,descending_neuron,True,True,0.5071380404382095,0.5833333333333334,0.5757575757575758,0.5378787878787878,0.625,0.2640215919819858,1.0,1.0,0.0,0.0,0.0,0.0,True,False,True
436,DNge010,L,2,3.0,3,1,descending_neuron,True,True,3.2601731171027786,0.5416666666666666,0.5833333333333334,0.5,0.5454545454545454,0.0,1.0,1.0,0.06666666666666667,0.06666666666666667,0.06666666666666667,0.06666666666666667,True,False,True
437,DNge010,R,2,2.0,2,1,descending_neuron,True,True,3.115276534120433,0.5416666666666666,0.6590909090909091,0.5454545454545454,0.5909090909090909,0.0,1.0,1.0,0.06666666666666667,0.06666666666666667,0.06666666666666667,0.06666666666666667,True,False,True
438,DNge011,L,2,2.0,2,1,descending_neuron,True,False,0.0,0.5,0.5,0.5,0.5,0.0,0.0,0.0,0.0,0.0,0.0,0.0,True,False,False
439,DNge011,R,2,3.0,3,1,descending_neuron,True,False,0.0,0.5,0.5416666666666667,0.5,0.5,0.0,0.0,-1.0,0.0,0.0,0.0,0.0,True,False,False
440,DNge012,L,2,3.0,3,1,descending_neuron,True,False,0.0,0.5,0.5,0.5,0.5,0.0,0.0,0.0,0.0,0.0,0.0,0.0,True,False,False
441,DNge012,R,2,3.0,3,1,descending_neuron,True,False,0.0,0.5,0.5,0.5,0.5,0.0,0.0,0.0,0.0,0.0,0.0,0.0,True,False,False
442,DNge013,L,2,2.0,2,1,descending_neuron,True,True,2.101000453244011,0.8484848484848485,0.8674242424242424,0.9090909090909091,0.9545454545454546,0.7517246956899528,1.0,1.0,0.0,0.06666666666666667,0.06666666666666667,0.06666666666666667,True,True,True
443,DNge013,R,2,2.0,2,1,descending_neuron,True,True,1.6663107042969743,0.9053030303030303,0.7575757575757576,1.0,0.9128787878787878,0.48118980055802696,1.0,1.0,0.0,0.06666666666666667,0.06666666666666667,0.06666666666666667,True,False,True
444,DNge014,L,2,2.0,2,1,descending_neuron,True,False,0.0,0.5,0.5,0.5,0.5,0.0,0.0,0.0,0.0,0.0,0.0,0.0,True,False,False
445,DNge014,R,2,2.0,2,1,descending_neuron,True,False,0.0724482914911728,0.5454545454545454,0.5,0.5454545454545454,0.5,0.0,-1.0,0.0,0.0,0.0,0.0,0.0,True,False,False
446,DNge015,L,2,2.5,2,2,descending_neuron,True,True,2.3183453277175308,0.8977272727272727,0.8409090909090909,0.875,0.8333333333333334,0.5557673652226188,-1.0,-1.0,0.06666666666666667,0.03333333333333333,0.03333333333333333,0.03333333333333333,True,True,True
447,DNge015,R,2,2.0,2,3,descending_neuron,True,True,2.257971751474841,0.9848484848484849,0.8636363636363636,1.0,0.9734848484848485,0.5259491515790697,-1.0,-1.0,0.06666666666666667,0.022222222222223566,0.0444444444444495,0.04444444444444322,True,True,True
448,DNge016,L,2,2.0,2,1,descending_neuron,True,False,0.0,0.5,0.5,0.5,0.5,0.0,0.0,0.0,0.0,0.0,0.0,0.0,True,False,False
449,DNge016,R,2,2.0,2,1,descending_neuron,True,False,0.0724482914911728,0.5454545454545454,0.5833333333333333,0.5454545454545454,0.5416666666666666,0.0657951694959769,-1.0,-1.0,0.0,0.0,0.0,0.0,True,False,True
450,DNge017,L,2,3.0,3,1,descending_neuron,True,True,2.608138493682221,0.6856060606060606,0.5340909090909091,0.5795454545454546,0.5909090909090908,0.18734111928766245,-1.0,1.0,0.06666666666666667,0.06666666666666667,0.06666666666666667,0.06666666666666667,True,False,False
451,DNge017,R,2,2.0,2,1,descending_neuron,True,True,0.7607070606573143,0.6212121212121212,0.821969696969697,0.6401515151515151,0.7727272727272727,0.2889264843460394,-1.0,-1.0,0.0,0.0,0.0,0.0,True,False,True
452,DNge018,L,2,3.0,3,1,descending_neuron,True,False,0.1448965829823456,0.5037878787878788,0.5416666666666667,0.5037878787878788,0.5,0.0657951694959769,-1.0,-1.0,0.0,0.0,0.0,0.0,True,False,True
453,DNge018,R,2,3.0,3,1,descending_neuron,True,False,0.0724482914911728,0.5416666666666666,0.5,0.5416666666666666,0.5,0.0,1.0,0.0,0.0,0.0,0.0,0.0,True,False,False
454,DNge019,L,2,3.0,3,7,descending_neuron,True,False,0.3570665794922058,0.7272727272727273,0.6287878787878788,0.5151515151515151,0.6439393939393939,-0.008585023998120115,-1.0,-1.0,0.0,0.0,0.0,0.0,True,False,True
455,DNge019,R,2,3.0,3,7,descending_neuron,True,False,0.19664536261889826,0.5681818181818181,0.5416666666666666,0.5984848484848485,0.5833333333333334,-0.1071656995180499,-1.0,1.0,0.0,0.0,0.0,0.0,True,False,False
456,DNge020,L,2,3.0,3,4,descending_neuron,True,False,0.6610906598569518,0.6742424242424242,0.5454545454545454,0.625,0.6212121212121212,0.004186189600705491,1.0,-1.0,0.0,0.016666666666666666,0.016666666666666666,0.004166666666666667,True,False,False
457,DNge020,R,2,3.0,3,4,descending_neuron,True,True,0.6429785869841588,0.5151515151515151,0.5113636363636364,0.5681818181818181,0.5151515151515151,0.48745463546604245,-1.0,-1.0,0.016666666666666666,0.008333333333333333,0.0,0.016666666666666666,False,False,True
458,DNge021,L,2,3.0,3,1,descending_neuron,True,False,0.0,0.5,0.5,0.5,0.5,0.0,0.0,0.0,0.0,0.0,0.0,0.0,True,False,False
459,DNge021,R,2,3.0,3,1,descending_neuron,True,False,0.0,0.5,0.5,0.5,0.5,0.0,0.0,0.0,0.0,0.0,0.0,0.0,True,False,False
460,DNge022,L,2,3.0,3,1,descending_neuron,True,True,0.6520346234205552,0.6136363636363636,0.7083333333333333,0.5340909090909091,0.6856060606060606,-0.040155785387702245,1.0,-1.0,0.0,0.0,0.0,0.0,True,False,False
461,DNge022,R,2,3.0,3,1,descending_neuron,True,True,0.9780519351308327,0.5340909090909091,0.5340909090909092,0.5113636363636364,0.5492424242424243,0.1428894776631755,1.0,-1.0,0.0,0.0,0.0,0.0,True,False,False
462,DNge023,L,2,3.0,3,1,descending_neuron,True,False,0.0724482914911728,0.5416666666666667,0.5454545454545454,0.5,0.5454545454545454,0.04545454545454546,-1.0,-1.0,0.0,0.0,0.0,0.0,True,False,True
463,DNge023,R,2,3.0,3,1,descending_neuron,True,False,0.0724482914911728,0.5416666666666666,0.5416666666666666,0.5416666666666666,0.5416666666666666,1.0,1.0,1.0,0.0,0.0,0.0,0.0,True,False,True
464,DNge024,L,2,3.0,3,4,descending_neuron,True,False,0.4256337125106401,0.5871212121212122,0.5946969696969697,0.5265151515151515,0.5,0.14148896442410835,-1.0,-1.0,0.0,0.0,0.0,0.0,True,False,True
465,DNge024,R,2,3.0,3,3,descending_neuron,True,False,0.6037357624264341,0.6212121212121212,0.6212121212121212,0.6477272727272727,0.5984848484848485,0.3567424294543858,-1.0,-1.0,0.022222222222217168,0.0,0.0,0.0,True,False,True
466,DNge025,L,2,3.0,3,2,descending_neuron,True,False,0.4528018218198299,0.571969696969697,0.5757575757575757,0.6174242424242424,0.553030303030303,0.21845131114147429,1.0,-1.0,0.0,0.0,0.0,0.0,True,False,False
467,DNge025,R,2,3.0,3,1,descending_neuron,True,False,0.0,0.5,0.5,0.5,0.5,0.0,0.0,0.0,0.0,0.0,0.0,0.0,True,False,False
468,DNge026,L,2,2.0,2,1,descending_neuron,True,False,0.0,0.5,0.5416666666666667,0.5,0.5,0.0,0.0,-1.0,0.0,0.0,0.0,0.0,True,False,False
469,DNge026,R,2,2.0,2,1,descending_neuron,True,False,0.0,0.5,0.5,0.5,0.5,0.0,0.0,0.0,0.0,0.0,0.0,0.0,True,False,False
470,DNge027,L,2,2.0,2,1,descending_neuron,True,False,0.0724482914911728,0.5454545454545454,0.5,0.5454545454545454,0.5,0.0,-1.0,0.0,0.0,0.0,0.0,0.0,True,False,False
471,DNge027,R,2,2.0,2,1,descending_neuron,True,False,0.10867243723675919,0.5075757575757576,0.5,0.5075757575757576,0.5,0.0,-1.0,0.0,0.0,0.0,0.0,0.0,True,False,False
472,DNge028,L,2,3.0,3,1,descending_neuron,True,False,0.0,0.5,0.5,0.5,0.5,0.0,0.0,0.0,0.0,0.0,0.0,0.0,True,False,False
473,DNge028,R,2,3.0,3,1,descending_neuron,True,False,0.0362241457455864,0.5416666666666666,0.5416666666666667,0.5416666666666666,0.5,-1.0,1.0,-1.0,0.0,0.0,0.0,0.0,True,False,False
474,DNge029,L,2,2.0,2,1,descending_neuron,True,True,2.3183453277175294,0.5037878787878788,0.5340909090909092,0.5113636363636364,0.5303030303030303,-0.01677601536468976,1.0,-1.0,0.06666666666666667,0.06666666666666667,0.06666666666666667,0.06666666666666667,True,False,False
475,DNge029,R,2,3.0,3,1,descending_neuron,True,True,1.6663107042969743,0.5984848484848485,0.5909090909090908,0.5227272727272727,0.5265151515151515,-0.3589176562177385,1.0,-1.0,0.0,0.03333333333333333,0.0,0.0,True,False,False
476,DNge030,L,2,2.0,2,1,descending_neuron,True,False,0.3260173117102776,0.6212121212121212,0.5,0.5037878787878788,0.5,0.0,-1.0,0.0,0.0,0.0,0.0,0.0,True,False,False
477,DNge030,R,2,2.0,2,1,descending_neuron,True,False,0.0,0.5,0.5,0.5,0.5,0.0,0.0,0.0,0.0,0.0,0.0,0.0,True,False,False
478,DNge031,L,2,2.0,2,1,descending_neuron,True,False,0.0362241457455864,0.5416666666666666,0.5454545454545454,0.5416666666666666,0.5,0.04545454545454546,1.0,1.0,0.0,0.0,0.0,0.0,True,False,True
479,DNge031,R,2,2.0,2,1,descending_neuron,True,False,0.7969312064029007,0.5416666666666667,0.5378787878787878,0.5984848484848485,0.5378787878787878,-0.007404360971988648,-1.0,1.0,0.0,0.0,0.0,0.0,True,False,False
480,DNge032,L,2,2.0,2,1,descending_neuron,True,False,0.0724482914911728,0.5416666666666666,0.5454545454545454,0.5416666666666666,0.5454545454545454,-0.04545454545454548,1.0,-1.0,0.0,0.0,0.0,0.0,True,False,False
481,DNge032,R,2,2.0,2,1,descending_neuron,True,False,0.3260173117102776,0.5416666666666667,0.5,0.5075757575757576,0.5416666666666666,0.0,-1.0,0.0,0.0,0.0,0.0,0.0,True,False,False
482,DNge033,L,2,2.0,2,1,descending_neuron,True,False,0.0,0.5,0.5,0.5,0.5,0.0,0.0,0.0,0.0,0.0,0.0,0.0,True,False,False
483,DNge033,R,2,2.0,2,1,descending_neuron,True,False,0.0,0.5,0.5,0.5,0.5,0.0,0.0,0.0,0.0,0.0,0.0,0.0,True,False,False
484,DNge034,L,2,3.0,3,1,descending_neuron,True,True,2.3907936192087025,0.6022727272727273,0.7272727272727273,0.5113636363636364,0.6363636363636364,0.08305608794982379,1.0,1.0,0.06666666666666667,0.06666666666666667,0.06666666666666667,0.06666666666666667,True,False,True
485,DNge034,R,2,3.0,3,1,descending_neuron,True,True,2.1734487447351833,0.5606060606060606,0.5378787878787878,0.5568181818181818,0.5454545454545454,0.22889693987935805,1.0,-1.0,0.06666666666666667,0.06666666666666667,0.06666666666666667,0.06666666666666667,True,False,False
486,DNge035,L,2,3.0,3,1,descending_neuron,True,False,0.0,0.5,0.5,0.5,0.5,0.0,0.0,0.0,0.0,0.0,0.0,0.0,True,False,False
487,DNge035,R,2,3.0,3,1,descending_neuron,True,False,0.0,0.5,0.5,0.5,0.5,0.0,0.0,0.0,0.0,0.0,0.0,0.0,True,False,False
488,DNge036,L,2,3.0,3,1,descending_neuron,True,False,0.0724482914911728,0.5416666666666667,0.5416666666666667,0.5,0.5,-0.04545454545454549,-1.0,-1.0,0.0,0.0,0.0,0.0,True,False,True
489,DNge036,R,2,3.0,3,1,descending_neuron,True,False,0.0,0.5,0.5416666666666666,0.5,0.5416666666666666,0.0,0.0,1.0,0.0,0.0,0.0,0.0,True,False,False
490,DNge037,L,2,3.0,3,1,descending_neuron,True,False,0.0,0.5,0.5,0.5,0.5,0.0,0.0,0.0,0.0,0.0,0.0,0.0,True,False,False
491,DNge037,R,2,2.0,2,1,descending_neuron,True,False,0.0,0.5,0.5,0.5,0.5,0.0,0.0,0.0,0.0,0.0,0.0,0.0,True,False,False
492,DNge038,L,2,2.0,2,1,descending_neuron,True,True,2.1734487447351833,0.5037878787878788,0.5037878787878788,0.5568181818181818,0.5075757575757576,-0.022985469156961022,-1.0,-1.0,0.06666666666666667,0.06666666666666667,0.06666666666666667,0.06666666666666667,True,False,True
493,DNge038,R,2,2.0,2,1,descending_neuron,True,True,2.6081384936822216,0.5037878787878788,0.6628787878787878,0.5075757575757576,0.6174242424242424,0.13379728997393656,-1.0,1.0,0.06666666666666667,0.06666666666666667,0.06666666666666667,0.06666666666666667,True,False,False
494,DNge039,L,2,3.0,3,1,descending_neuron,True,False,0.0724482914911728,0.5416666666666666,0.5,0.5416666666666666,0.5,0.0,1.0,0.0,0.0,0.0,0.0,0.0,True,False,False
495,DNge039,R,2,2.0,2,1,descending_neuron,True,False,0.5071380404382095,0.5340909090909091,0.5303030303030303,0.5075757575757576,0.5075757575757576,-0.19964591297103404,1.0,1.0,0.0,0.0,0.0,0.0,True,False,True
496,DNge040,L,2,3.0,3,1,descending_neuron,True,True,3.115276534120433,0.6212121212121212,0.5,0.5454545454545454,0.5416666666666667,-0.011357771260606357,1.0,0.0,0.06666666666666667,0.06666666666666667,0.06666666666666667,0.06666666666666667,True,False,False
497,DNge040,R,2,2.0,2,1,descending_neuron,True,True,2.3907936192087025,0.6136363636363636,0.5795454545454546,0.7272727272727273,0.7310606060606061,0.1819003270006758,1.0,1.0,0.06666666666666667,0.06666666666666667,0.06666666666666667,0.06666666666666667,True,False,True
498,DNge041,L,2,2.0,2,1,descending_neuron,True,True,0.8693794978940735,0.5492424242424242,0.7878787878787878,0.6666666666666666,0.6590909090909091,-0.026594575611434454,1.0,1.0,0.0,0.0,0.0,0.0,True,False,True
499,DNge041,R,2,2.0,2,1,descending_neuron,True,True,1.557638267060215,0.803030303030303,0.6704545454545454,0.8257575757575758,0.8712121212121212,0.4047305422586275,1.0,1.0,0.0,0.06666666666666667,0.0,0.0,True,False,True
500,DNge042,L,2,3.0,3,1,descending_neuron,True,False,0.0,0.5,0.5,0.5,0.5,0.0,0.0,0.0,0.0,0.0,0.0,0.0,True,False,False
501,DNge042,R,2,3.0,3,1,descending_neuron,True,False,0.0,0.5,0.5,0.5,0.5,0.0,0.0,0.0,0.0,0.0,0.0,0.0,True,False,False
502,DNge043,L,2,2.0,2,1,descending_neuron,True,True,1.3402933925866964,0.7916666666666666,0.6742424242424242,0.9128787878787878,0.6818181818181818,0.18103530002757695,1.0,1.0,0.0,0.06666666666666667,0.0,0.0,True,False,True
503,DNge043,R,2,2.0,2,1,descending_neuron,True,True,1.1591726638587647,0.7651515151515151,0.5909090909090909,0.7424242424242424,0.6628787878787878,0.4423809139223801,1.0,1.0,0.0,0.06666666666666667,0.0,0.0,True,False,True
504,DNge044,L,2,3.0,3,1,descending_neuron,True,False,0.0724482914911728,0.5416666666666667,0.5,0.5,0.5,0.0,-1.0,0.0,0.0,0.0,0.0,0.0,True,False,False
505,DNge044,R,2,3.0,3,1,descending_neuron,True,False,0.0724482914911728,0.5454545454545454,0.5,0.5454545454545454,0.5,0.0,-1.0,0.0,0.0,0.0,0.0,0.0,True,False,False
506,DNge045,L,2,2.0,2,1,descending_neuron,True,True,2.970379951138087,0.5416666666666667,0.7575757575757576,0.625,0.75,0.5034965460952284,-1.0,-1.0,0.06666666666666667,0.06666666666666667,0.06666666666666667,0.06666666666666667,True,False,True
507,DNge045,R,2,3.0,3,1,descending_neuron,True,True,2.6081384936822216,0.8863636363636364,0.8409090909090909,0.875,0.875,0.38524354877358424,-1.0,-1.0,0.06666666666666667,0.0,0.06666666666666667,0.06666666666666667,True,True,True
508,DNge046,L,2,3.0,3,2,descending_neuron,True,True,0.9418277893852463,0.5606060606060606,0.5,0.6060606060606061,0.5303030303030303,0.1398492871960801,1.0,0.0,0.0,0.03333333333333333,0.03333333333333333,0.03333333333333333,True,False,False
509,DNge046,R,2,2.5,2,2,descending_neuron,True,True,1.1048364452403852,0.5037878787878788,0.5681818181818182,0.5227272727272727,0.6477272727272727,0.2033427497680558,-1.0,1.0,0.03333333333333333,0.03333333333333333,0.03333333333333333,0.03333333333333333,True,False,False
510,DNge047,L,2,2.0,2,1,descending_neuron,True,True,2.028552161752838,0.6931818181818182,0.6098484848484849,0.5606060606060606,0.5454545454545454,-0.24754567908303723,1.0,-1.0,0.06666666666666667,0.06666666666666667,0.06666666666666667,0.06666666666666667,True,False,False
511,DNge047,R,2,2.0,2,1,descending_neuron,True,True,3.1877248256116055,0.5037878787878788,0.5378787878787878,0.5,0.5075757575757576,-0.25617376914898987,-1.0,1.0,0.06666666666666667,0.06666666666666667,0.06666666666666667,0.06666666666666667,True,False,False
512,DNge048,L,2,3.0,3,1,descending_neuron,True,False,0.2897931659646912,0.6590909090909091,0.5,0.5833333333333334,0.625,-0.2556186790727726,1.0,0.0,0.0,0.0,0.0,0.0,True,False,False
513,DNge048,R,2,2.0,2,1,descending_neuron,True,False,0.36224145745586395,0.5378787878787878,0.5606060606060606,0.5037878787878788,0.5037878787878788,-0.040155785387702224,-1.0,1.0,0.0,0.0,0.0,0.0,True,False,False
514,DNge049,L,2,2.0,2,1,descending_neuron,True,False,0.21734487447351838,0.5454545454545454,0.5,0.5454545454545454,0.5,0.0,1.0,0.0,0.0,0.0,0.0,0.0,True,False,False
515,DNge049,R,2,2.0,2,1,descending_neuron,True,False,0.0724482914911728,0.5416666666666667,0.5,0.5,0.5416666666666666,-7.395707913337165e-19,-1.0,0.0,0.0,0.0,0.0,0.0,True,False,False
516,DNge050,L,2,2.0,2,1,descending_neuron,True,False,0.10867243723675919,0.5833333333333334,0.5454545454545454,0.5833333333333334,0.5,0.06212365249219367,1.0,1.0,0.0,0.0,0.0,0.0,True,False,True
517,DNge050,R,2,2.0,2,1,descending_neuron,True,False,0.18112072872793203,0.5,0.5416666666666667,0.5833333333333334,0.5416666666666666,0.5338152492484992,0.0,-1.0,0.0,0.0,0.0,0.0,True,False,False
518,DNge051,L,2,3.0,3,1,descending_neuron,True,False,0.2897931659646912,0.5,0.5378787878787878,0.5037878787878788,0.5378787878787878,0.24537608702514116,0.0,-1.0,0.0,0.0,0.0,0.0,True,False,False
519,DNge051,R,2,3.0,3,1,descending_neuron,True,False,0.2897931659646912,0.5757575757575758,0.6212121212121212,0.5378787878787878,0.5340909090909091,0.32679675106226846,1.0,1.0,0.0,0.0,0.0,0.0,True,False,True
520,DNge052,L,2,2.0,2,1,descending_neuron,True,False,0.0,0.5,0.5,0.5,0.5,0.0,0.0,0.0,0.0,0.0,0.0,0.0,True,False,False
521,DNge052,R,2,2.0,2,1,descending_neuron,True,False,0.0,0.5,0.5416666666666667,0.5,0.5,0.0,0.0,-1.0,0.0,0.0,0.0,0.0,True,False,False
522,DNge053,L,2,2.0,2,1,descending_neuron,True,False,0.0724482914911728,0.5416666666666666,0.5,0.5416666666666666,0.5,0.0,1.0,0.0,0.0,0.0,0.0,0.0,True,False,False
523,DNge053,R,2,2.0,2,1,descending_neuron,True,False,0.0724482914911728,0.5416666666666667,0.5,0.5,0.5416666666666666,-0.019968076595771794,-1.0,0.0,0.0,0.0,0.0,0.0,True,False,False
524,DNge054,L,2,2.0,2,1,descending_neuron,True,True,3.332621408593952,0.5,0.5416666666666667,0.5,0.5416666666666667,0.0,0.0,-1.0,0.06666666666666667,0.06666666666666667,0.06666666666666667,0.06666666666666667,True,False,False
525,DNge054,R,2,2.0,2,1,descending_neuron,True,True,3.332621408593952,0.5,0.5,0.5,0.5,0.0,0.0,0.0,0.06666666666666667,0.06666666666666667,0.06666666666666667,0.06666666666666667,True,False,False
526,DNge055,L,2,3.0,3,1,descending_neuron,True,False,0.0,0.5,0.5416666666666667,0.5,0.5,0.0,0.0,-1.0,0.0,0.0,0.0,0.0,True,False,False
527,DNge055,R,2,3.0,3,1,descending_neuron,True,False,0.0,0.5,0.5416666666666667,0.5,0.5,0.0,0.0,-1.0,0.0,0.0,0.0,0.0,True,False,False
528,DNge056,L,2,3.0,3,1,descending_neuron,True,False,0.0,0.5,0.5,0.5,0.5,0.0,0.0,0.0,0.0,0.0,0.0,0.0,True,False,False
529,DNge056,R,2,2.0,2,1,descending_neuron,True,False,0.0,0.5,0.5416666666666667,0.5,0.5,0.0,0.0,-1.0,0.0,0.0,0.0,0.0,True,False,False
530,DNge057,L,2,3.0,3,1,descending_neuron,True,False,0.0,0.5,0.5454545454545454,0.5,0.5454545454545454,0.0,0.0,-1.0,0.0,0.0,0.0,0.0,True,False,False
531,DNge057,R,2,3.0,3,1,descending_neuron,True,False,0.10867243723675919,0.5075757575757576,0.5,0.5075757575757576,0.5,0.0,-1.0,0.0,0.0,0.0,0.0,0.0,True,False,False
532,DNge058,L,2,3.0,3,1,descending_neuron,True,False,0.0,0.5,0.5,0.5,0.5,0.0,0.0,0.0,0.0,0.0,0.0,0.0,True,False,False
533,DNge058,R,2,3.0,3,1,descending_neuron,True,False,0.4709138946926231,0.6136363636363636,0.5795454545454546,0.5833333333333334,0.5037878787878788,-0.5227704786845088,1.0,-1.0,0.0,0.0,0.0,0.0,True,False,False
534,DNge059,L,2,3.0,3,1,descending_neuron,True,False,0.0,0.5,0.5,0.5,0.5,0.0,0.0,0.0,0.0,0.0,0.0,0.0,True,False,False
535,DNge059,R,2,3.0,3,1,descending_neuron,True,False,0.0724482914911728,0.5454545454545454,0.5,0.5,0.5,0.0,1.0,0.0,0.0,0.0,0.0,0.0,True,False,False
536,DNge060,L,2,3.0,3,1,descending_neuron,True,True,0.5795863319293824,0.5757575757575758,0.5,0.5075757575757576,0.5378787878787878,-0.1459325059618189,1.0,0.0,0.0,0.0,0.0,0.0,True,False,False
537,DNge060,R,2,2.0,2,1,descending_neuron,True,True,1.0867243723675917,0.5340909090909091,0.5113636363636364,0.5909090909090909,0.5492424242424243,-0.11175747624078362,1.0,1.0,0.0,0.016666666666666666,0.0,0.0,True,False,True
538,"DNge061,DNge066",L,2,3.0,3,2,descending_neuron,True,False,0.0724482914911728,0.5909090909090908,0.5,0.5909090909090908,0.5,0.0,-1.0,0.0,0.0,0.0,0.0,0.0,True,False,False
539,"DNge061,DNge066",R,2,3.0,3,2,descending_neuron,True,False,0.0181120728727932,0.5416666666666666,0.5,0.5416666666666666,0.5,0.0,1.0,0.0,0.0,0.0,0.0,0.0,True,False,False
540,DNge062,L,2,3.0,3,1,descending_neuron,True,False,0.2897931659646912,0.5757575757575758,0.5416666666666666,0.5378787878787878,0.5416666666666666,-0.045454545454545456,1.0,1.0,0.0,0.0,0.0,0.0,True,False,True
541,DNge062,R,2,3.0,3,1,descending_neuron,True,False,0.4709138946926231,0.5303030303030303,0.5833333333333333,0.5946969696969697,0.5492424242424243,0.1792298905822465,1.0,-1.0,0.0,0.0,0.0,0.0,True,False,False
542,DNge063,L,2,3.0,3,1,descending_neuron,True,False,0.0,0.5,0.5,0.5,0.5,0.0,0.0,0.0,0.0,0.0,0.0,0.0,True,False,False
543,DNge063,R,2,2.0,2,1,descending_neuron,True,False,0.0,0.5,0.5,0.5,0.5,0.0,0.0,0.0,0.0,0.0,0.0,0.0,True,False,False
544,DNge064,L,2,2.0,2,1,descending_neuron,True,True,0.9056036436396598,0.5946969696969697,0.5643939393939394,0.5606060606060606,0.6401515151515151,-0.08872970034296607,1.0,-1.0,0.0,0.0,0.0,0.0,True,False,False
545,DNge064,R,2,3.0,3,1,descending_neuron,True,True,1.7025348500425603,0.5416666666666666,0.6212121212121212,0.6363636363636364,0.6098484848484849,-0.21458387695549566,1.0,1.0,0.0,0.06666666666666667,0.0,0.0,True,False,True
546,DNge065,L,2,3.0,3,1,descending_neuron,True,False,0.0724482914911728,0.5416666666666667,0.5833333333333333,0.5,0.5454545454545454,0.0,-1.0,-1.0,0.0,0.0,0.0,0.0,True,False,True
547,DNge065,R,2,3.0,3,1,descending_neuron,True,False,0.21734487447351838,0.5378787878787878,0.5833333333333334,0.5,0.5833333333333334,0.11952286093343936,-1.0,1.0,0.0,0.0,0.0,0.0,True,False,False
548,DNge067,L,2,3.0,3,1,descending_neuron,True,False,0.0,0.5,0.5,0.5,0.5,0.0,0.0,0.0,0.0,0.0,0.0,0.0,True,False,False
549,DNge067,R,2,3.0,3,1,descending_neuron,True,False,0.0,0.5,0.5,0.5,0.5,0.0,0.0,0.0,0.0,0.0,0.0,0.0,True,False,False
550,DNge068,L,2,3.0,3,1,descending_neuron,True,False,0.8693794978940735,0.6363636363636364,0.5795454545454546,0.571969696969697,0.6363636363636364,-0.16391814688589143,1.0,-1.0,0.0,0.0,0.0,0.0,True,False,False
551,DNge068,R,2,3.0,3,1,descending_neuron,True,True,1.1229485181131782,0.5227272727272727,0.6136363636363636,0.5303030303030303,0.6022727272727273,-0.1112333523381224,-1.0,-1.0,0.0,0.0,0.0,0.0,True,False,True
552,DNge069,L,2,3.0,3,1,descending_neuron,True,False,0.0724482914911728,0.5416666666666667,0.5416666666666666,0.5,0.5416666666666666,0.04545454545454546,-1.0,1.0,0.0,0.0,0.0,0.0,True,False,False
553,DNge069,R,2,2.0,2,1,descending_neuron,True,False,0.2897931659646912,0.5946969696969697,0.5378787878787878,0.5,0.5833333333333334,-0.042973504259354,1.0,1.0,0.0,0.0,0.0,0.0,True,False,True
554,DNge070,L,2,2.0,2,1,descending_neuron,True,False,0.3260173117102776,0.5340909090909092,0.6666666666666667,0.5,0.6363636363636364,0.06631373212665141,-1.0,-1.0,0.0,0.0,0.0,0.0,True,False,True
555,DNge070,R,2,2.0,2,1,descending_neuron,True,False,0.5071380404382095,0.5416666666666667,0.5,0.5946969696969697,0.5075757575757576,-0.21068745701976319,-1.0,0.0,0.0,0.0,0.0,0.0,True,False,False
556,DNge071,L,2,2.5,2,8,descending_neuron,True,True,2.046664234625633,0.8712121212121212,0.9318181818181819,0.8674242424242424,0.8977272727272727,0.8196417676574391,-1.0,-1.0,0.041666666666666664,0.03333333333333333,0.03333333333333333,0.041666666666666664,True,True,True
557,DNge071,R,2,2.375,2,8,descending_neuron,True,True,1.874599542334097,0.75,0.8295454545454546,0.8787878787878788,0.9204545454545454,0.6510570390064601,-1.0,-1.0,0.05,0.025,0.041666666666666664,0.03333333333333333,True,False,True
558,DNge072,L,2,2.0,2,1,descending_neuron,True,False,0.0724482914911728,0.5416666666666667,0.5454545454545454,0.5,0.5454545454545454,0.04545454545454546,-1.0,-1.0,0.0,0.0,0.0,0.0,True,False,True
559,DNge072,R,2,2.0,2,1,descending_neuron,True,False,0.0724482914911728,0.5454545454545454,0.5416666666666667,0.5,0.5,-0.045454545454545456,1.0,-1.0,0.0,0.0,0.0,0.0,True,False,False
560,DNge073,L,2,2.0,2,1,descending_neuron,True,True,0.8331553521484871,0.6098484848484849,0.5984848484848485,0.553030303030303,0.5075757575757576,0.3280782537960732,1.0,1.0,0.0,0.0,0.0,0.0,True,False,True
561,DNge073,R,2,2.0,2,1,descending_neuron,True,False,0.2897931659646912,0.5378787878787878,0.5833333333333334,0.5340909090909091,0.5757575757575758,-0.005108494340180311,1.0,1.0,0.0,0.0,0.0,0.0,True,False,True
562,DNge074,L,2,2.0,2,1,descending_neuron,True,False,0.0,0.5,0.5833333333333334,0.5,0.5416666666666666,0.0,0.0,1.0,0.0,0.0,0.0,0.0,True,False,False
563,DNge074,R,2,3.0,3,1,descending_neuron,True,False,0.0,0.5,0.5416666666666667,0.5,0.5,0.0,0.0,-1.0,0.0,0.0,0.0,0.0,True,False,False
564,DNge075,L,2,3.0,3,1,descending_neuron,True,False,0.0724482914911728,0.5416666666666666,0.5,0.5416666666666666,0.5,0.0,1.0,0.0,0.0,0.0,0.0,0.0,True,False,False
565,DNge075,R,2,3.0,3,1,descending_neuron,True,False,0.0,0.5,0.5,0.5,0.5416666666666666,0.0,0.0,0.0,0.0,0.0,0.0,0.0,True,False,False
566,DNge076,L,2,3.0,3,1,descending_neuron,True,True,3.332621408593952,0.5,0.5416666666666666,0.5,0.5416666666666666,0.0,0.0,1.0,0.06666666666666667,0.06666666666666667,0.06666666666666667,0.06666666666666667,True,False,False
567,DNge076,R,2,3.0,3,1,descending_neuron,True,True,3.2601731171027786,0.5454545454545454,0.5,0.5454545454545454,0.5,0.0,1.0,0.0,0.06666666666666667,0.06666666666666667,0.06666666666666667,0.06666666666666667,True,False,False
568,DNge077,L,2,2.0,2,1,descending_neuron,True,False,0.1448965829823456,0.5,0.5416666666666667,0.5416666666666666,0.5,0.0,0.0,-1.0,0.0,0.0,0.0,0.0,True,False,False
569,DNge077,R,2,3.0,3,1,descending_neuron,True,False,0.0724482914911728,0.5833333333333334,0.5833333333333333,0.5833333333333334,0.5454545454545454,0.0,1.0,-1.0,0.0,0.0,0.0,0.0,True,False,False
570,DNge078,L,2,3.0,3,1,descending_neuron,True,False,0.2897931659646912,0.5946969696969697,0.5454545454545454,0.5946969696969697,0.5454545454545454,-0.09782319760890372,-1.0,-1.0,0.0,0.0,0.0,0.0,True,False,True
571,DNge078,R,2,3.0,3,1,descending_neuron,True,False,0.1448965829823456,0.5037878787878788,0.5,0.5037878787878788,0.5,0.0,-1.0,0.0,0.0,0.0,0.0,0.0,True,False,False
572,DNge079,L,2,2.0,2,1,descending_neuron,True,False,0.0,0.5,0.5454545454545454,0.5,0.5454545454545454,0.0,0.0,-1.0,0.0,0.0,0.0,0.0,True,False,False
573,DNge079,R,2,2.0,2,1,descending_neuron,True,False,0.0724482914911728,0.5454545454545454,0.5,0.5,0.5,0.0,1.0,0.0,0.0,0.0,0.0,0.0,True,False,False
574,DNge080,L,2,2.0,2,1,descending_neuron,True,False,0.21734487447351838,0.6212121212121212,0.5378787878787878,0.5833333333333334,0.5,0.04696682183138623,1.0,-1.0,0.0,0.0,0.0,0.0,True,False,False
575,DNge080,R,2,3.0,3,1,descending_neuron,True,False,0.36224145745586395,0.5454545454545454,0.5037878787878788,0.6363636363636364,0.5037878787878788,-0.03742405942825598,-1.0,-1.0,0.0,0.0,0.0,0.0,True,False,True
576,DNge081,L,2,2.0,2,1,descending_neuron,True,False,0.2535690202191048,0.5416666666666667,0.5037878787878788,0.5909090909090908,0.5492424242424243,0.021501647626876515,-1.0,-1.0,0.0,0.0,0.0,0.0,True,False,True
577,DNge081,R,2,3.0,3,1,descending_neuron,True,False,0.2535690202191048,0.625,0.5416666666666667,0.5909090909090908,0.5416666666666666,0.008449128855233292,-1.0,-1.0,0.0,0.0,0.0,0.0,True,False,True
578,DNge082,L,2,3.0,3,1,descending_neuron,True,False,0.18112072872793197,0.5340909090909091,0.5416666666666667,0.5340909090909091,0.5,0.07901744265512677,1.0,-1.0,0.0,0.0,0.0,0.0,True,False,False
579,DNge082,R,2,2.0,2,1,descending_neuron,True,False,0.2897931659646912,0.5075757575757576,0.6590909090909092,0.5492424242424243,0.5454545454545454,0.04545454545454546,-1.0,-1.0,0.0,0.0,0.0,0.0,True,False,True
580,DNge083,L,2,2.0,2,1,descending_neuron,True,True,1.0867243723675917,0.75,0.5265151515151515,0.7272727272727273,0.5303030303030303,0.019403534845633914,-1.0,1.0,0.0,0.0,0.0,0.0,True,False,False
581,DNge083,R,2,2.0,2,1,descending_neuron,True,True,0.7244829149117279,0.6477272727272727,0.6628787878787878,0.5946969696969697,0.6856060606060606,0.19699230987339011,-1.0,-1.0,0.0,0.0,0.0,0.0,True,False,True
582,DNge084,L,2,2.0,2,1,descending_neuron,True,True,1.014276080876419,0.6060606060606061,0.6553030303030303,0.6931818181818182,0.6363636363636364,0.18224384969556226,1.0,1.0,0.0,0.03333333333333333,0.0,0.0,True,False,True
583,DNge084,R,2,2.0,2,1,descending_neuron,True,True,1.557638267060215,0.6553030303030303,0.7159090909090909,0.6363636363636364,0.6022727272727273,0.09549422005527015,1.0,1.0,0.0,0.06666666666666667,0.0,0.0,True,False,True
584,DNge085,L,2,2.5,2,4,descending_neuron,True,True,1.1048364452403858,0.8143939393939394,0.6515151515151515,0.7121212121212122,0.6439393939393939,-0.07293470553998221,1.0,1.0,0.016666666666666666,0.025,0.016666666666666666,0.016666666666666666,True,False,True
585,DNge085,R,2,3.0,3,4,descending_neuron,True,True,1.0595562630584028,0.5113636363636364,0.5378787878787878,0.5265151515151515,0.5454545454545454,0.054908220719011865,-1.0,1.0,0.016666666666666666,0.016666666666666666,0.016666666666666666,0.016666666666666666,True,False,False
586,DNge086,L,2,2.0,2,1,descending_neuron,True,False,0.1448965829823456,0.5833333333333333,0.5037878787878788,0.5454545454545454,0.5,0.0,-1.0,1.0,0.0,0.0,0.0,0.0,True,False,False
587,DNge086,R,2,2.0,2,1,descending_neuron,True,False,0.21734487447351838,0.5416666666666666,0.5833333333333333,0.5416666666666666,0.5454545454545454,4.2066524728639376e-19,1.0,-1.0,0.0,0.0,0.0,0.0,True,False,False
588,DNge087,L,2,3.0,3,2,descending_neuron,True,False,0.0362241457455864,0.5454545454545454,0.5,0.5454545454545454,0.5,0.0,-1.0,0.0,0.0,0.0,0.0,0.0,True,False,False
589,DNge087,R,2,3.0,3,2,descending_neuron,True,False,0.0362241457455864,0.5416666666666667,0.5,0.5,0.5,0.0,-1.0,0.0,0.0,0.0,0.0,0.0,True,False,False
590,DNge088,L,2,2.0,2,1,descending_neuron,True,True,1.2316209553499373,0.9545454545454546,0.8787878787878788,0.9583333333333334,0.9166666666666666,0.6587907258133142,1.0,1.0,0.0,0.06666666666666667,0.0,0.0,True,True,True
591,DNge088,R,2,2.0,2,1,descending_neuron,True,True,0.7969312064029007,0.7613636363636364,0.8863636363636364,0.7916666666666666,0.9166666666666666,0.5728824978761874,1.0,1.0,0.0,0.06666666666666667,0.0,0.0,True,False,True
592,DNge089,L,2,2.6666666666666665,3,3,descending_neuron,True,True,0.8331553521484927,0.6666666666666666,0.5681818181818181,0.6856060606060606,0.5378787878787878,0.010736060928406132,1.0,-1.0,0.022222222222217168,0.022222222222222497,0.022222222222221907,0.02222222222222096,True,False,False
593,DNge089,R,2,2.0,2,3,descending_neuron,True,True,0.9901266503793624,0.571969696969697,0.6628787878787878,0.75,0.5151515151515151,-0.22759781695678472,1.0,-1.0,0.02222222222222096,0.022222222222222855,0.022222222222221907,0.02222222222222096,True,False,False
594,DNge090,L,2,2.5,2,2,descending_neuron,True,False,0.25356902021910477,0.5416666666666667,0.5984848484848485,0.5037878787878788,0.5568181818181819,-0.3190115836412341,-1.0,-1.0,0.0,0.0,0.0,0.0,True,False,True
595,DNge090,R,2,2.0,2,2,descending_neuron,True,False,0.1448965829823456,0.5909090909090909,0.5833333333333333,0.5416666666666666,0.5454545454545454,-0.5232681184722835,1.0,-1.0,0.0,0.0,0.0,0.0,True,False,False
596,DNge091,L,2,2.0,2,9,descending_neuron,True,True,0.5353123760180687,0.7462121212121212,0.6439393939393939,0.6893939393939394,0.6439393939393939,0.3862085613092951,1.0,1.0,0.007407407407407618,0.014814814814811447,0.007407407407407618,0.014814814814811447,True,False,True
597,DNge091,R,2,2.0,2,9,descending_neuron,True,False,0.43871465402985627,0.8522727272727273,0.5378787878787878,0.5871212121212122,0.5454545454545454,-0.2178900958874429,1.0,-1.0,0.007407407407407618,0.007407407407407618,0.007407407407405723,0.007407407407407618,False,False,False
598,DNge092,L,2,2.0,2,2,descending_neuron,True,True,2.3726815463359108,0.6287878787878788,0.5946969696969697,0.7121212121212122,0.7575757575757576,0.2528631448053024,1.0,1.0,0.03333333333333333,0.06666666666666667,0.06666666666666667,0.04166666666666667,True,False,True
599,DNge092,R,2,2.5,2,2,descending_neuron,True,True,1.6119744856785958,0.5416666666666666,0.5909090909090909,0.5,0.5454545454545454,0.11765026741560745,1.0,1.0,0.03333333333333333,0.03333333333333333,0.03333333333333333,0.03333333333333333,True,False,True
600,DNge093,L,2,2.5,2,2,descending_neuron,True,False,0.30790523883748433,0.6174242424242424,0.696969696969697,0.6060606060606061,0.6818181818181819,-0.1692808434747298,-1.0,-1.0,0.0,0.0,0.0,0.0,True,False,True
601,DNge093,R,2,2.0,2,2,descending_neuron,True,False,0.36224145745586395,0.5681818181818181,0.6515151515151515,0.6401515151515151,0.6818181818181819,0.3872983346207416,-1.0,-1.0,0.0,0.0,0.0,0.0,True,False,True
602,DNge094,L,2,2.1666666666666665,2,6,descending_neuron,True,True,1.9319544397646662,0.8674242424242424,0.8257575757575757,0.8106060606060606,0.8484848484848485,0.6024955791220552,-1.0,-1.0,0.0444444444444495,0.03333333333333327,0.044444444444434336,0.03333333333333333,True,True,True
603,DNge094,R,2,2.142857142857143,2,7,descending_neuron,True,True,2.2872960599355805,0.9393939393939394,0.9848484848484849,0.9848484848484849,0.9848484848484849,0.9081907923585574,-1.0,-1.0,0.05714285714285552,0.033333333333348494,0.04761904761903679,0.04761904761903679,True,True,True
604,DNge095,L,2,2.0,2,1,descending_neuron,True,False,0.0,0.5,0.5833333333333334,0.5,0.5416666666666666,0.0,0.0,1.0,0.0,0.0,0.0,0.0,True,False,False
605,DNge095,R,2,2.0,2,2,descending_neuron,True,False,0.5795863319293824,0.7045454545454546,0.6136363636363636,0.6590909090909091,0.5568181818181819,0.11989578808281796,1.0,-1.0,0.0,0.016666666666666666,0.0,0.0,True,False,False
606,DNge096,L,2,2.0,2,1,descending_neuron,True,True,1.0505002266220056,0.6363636363636364,0.5681818181818181,0.5568181818181819,0.553030303030303,-0.27341888849835494,-1.0,-1.0,0.0,0.0,0.0,0.0,True,False,True
607,DNge096,R,2,3.0,3,1,descending_neuron,True,True,0.7969312064029007,0.5492424242424243,0.571969696969697,0.6439393939393939,0.5,-0.17031743600708946,-1.0,-1.0,0.0,0.0,0.0,0.0,True,False,True
608,DNge097,L,2,2.0,2,1,descending_neuron,True,True,1.2316209553499373,0.9545454545454546,0.9242424242424242,0.9583333333333334,0.9166666666666666,0.7617592287865698,1.0,1.0,0.0,0.06666666666666667,0.06666666666666667,0.0,True,True,True
609,DNge097,R,2,2.0,2,1,descending_neuron,True,False,0.43468974894703677,0.7348484848484849,0.5833333333333334,0.7083333333333334,0.5833333333333334,0.2095495335851672,1.0,1.0,0.0,0.0,0.0,0.0,True,False,True
610,DNge098,L,2,3.0,3,1,descending_neuron,True,True,1.6300865585513875,0.5909090909090908,0.5265151515151515,0.5378787878787878,0.5227272727272727,0.33865857638084107,-1.0,-1.0,0.0,0.0,0.06666666666666667,0.06666666666666667,False,False,True
611,DNge098,R,2,3.0,3,1,descending_neuron,True,True,1.6300865585513875,0.6136363636363636,0.5340909090909092,0.5454545454545454,0.571969696969697,0.2765688405867743,1.0,-1.0,0.0,0.03333333333333333,0.0,0.0,True,False,False
612,DNge099,L,2,2.0,2,1,descending_neuron,True,True,3.332621408593952,0.5,0.5,0.5,0.5,0.0,0.0,0.0,0.06666666666666667,0.06666666666666667,0.06666666666666667,0.06666666666666667,True,False,False
613,DNge099,R,2,2.0,2,1,descending_neuron,True,True,3.332621408593952,0.5,0.5454545454545454,0.5,0.5,0.0,0.0,-1.0,0.06666666666666667,0.06666666666666667,0.06666666666666667,0.06666666666666667,True,False,False
614,DNge100,L,2,3.0,3,1,descending_neuron,True,False,0.0,0.5,0.5,0.5,0.5,0.0,0.0,0.0,0.0,0.0,0.0,0.0,True,False,False
615,DNge100,R,2,3.0,3,1,descending_neuron,True,False,0.0,0.5,0.5,0.5,0.5,0.0,0.0,0.0,0.0,0.0,0.0,0.0,True,False,False
616,DNge101,L,2,3.0,3,1,descending_neuron,True,False,0.0362241457455864,0.5416666666666666,0.5,0.5416666666666666,0.5,0.0,1.0,0.0,0.0,0.0,0.0,0.0,True,False,False
617,DNge101,R,2,3.0,3,1,descending_neuron,True,False,0.21734487447351838,0.625,0.5,0.5416666666666666,0.5416666666666666,-0.4112391604149872,1.0,0.0,0.0,0.0,0.0,0.0,True,False,False
618,DNge102,L,2,3.0,3,2,descending_neuron,True,False,0.0,0.5,0.5,0.5,0.5,0.0,0.0,0.0,0.0,0.0,0.0,0.0,True,False,False
619,DNge102,R,2,3.0,3,2,descending_neuron,True,False,0.0,0.5,0.5,0.5,0.5,0.0,0.0,0.0,0.0,0.0,0.0,0.0,True,False,False
620,DNge103,L,2,2.0,2,1,descending_neuron,True,True,2.3907936192087025,0.5340909090909091,0.5340909090909091,0.5340909090909092,0.6022727272727273,0.12824729401064439,1.0,1.0,0.06666666666666667,0.06666666666666667,0.06666666666666667,0.06666666666666667,True,False,True
621,DNge103,R,2,2.0,2,1,descending_neuron,True,True,0.9056036436396598,0.6477272727272727,0.6742424242424242,0.6212121212121212,0.5757575757575758,0.1455211911321187,1.0,1.0,0.0,0.0,0.0,0.0,True,False,True
622,DNge104,L,2,2.0,2,1,descending_neuron,True,False,0.0,0.5,0.5037878787878788,0.5,0.5492424242424243,0.0,0.0,-1.0,0.0,0.0,0.0,0.0,True,False,False
623,DNge104,R,2,3.0,3,1,descending_neuron,True,False,0.0,0.5,0.5833333333333333,0.5,0.5416666666666666,0.0,0.0,-1.0,0.0,0.0,0.0,0.0,True,False,False
624,DNge105,L,2,3.0,3,1,descending_neuron,True,False,0.0,0.5,0.5,0.5,0.5,0.0,0.0,0.0,0.0,0.0,0.0,0.0,True,False,False
625,DNge105,R,2,3.0,3,1,descending_neuron,True,False,0.1448965829823456,0.5833333333333334,0.5,0.5416666666666666,0.5,0.0,1.0,0.0,0.0,0.0,0.0,0.0,True,False,False
626,DNge106,L,2,3.0,3,1,descending_neuron,True,False,0.18112072872793197,0.6212121212121212,0.5454545454545454,0.5454545454545454,0.5,-0.014854397775557667,-1.0,1.0,0.0,0.0,0.0,0.0,True,False,False
627,DNge106,R,2,3.0,3,1,descending_neuron,True,False,0.1448965829823456,0.5833333333333334,0.5,0.5416666666666666,0.5454545454545454,0.5000000000000001,1.0,0.0,0.0,0.0,0.0,0.0,True,False,False
628,DNge107,L,2,2.0,2,1,descending_neuron,True,True,1.014276080876419,0.9204545454545454,0.7651515151515151,0.9507575757575758,0.875,0.47954392370756005,1.0,1.0,0.0,0.06666666666666667,0.0,0.0,True,False,True
629,DNge107,R,2,2.0,2,1,descending_neuron,True,True,1.3765175383322832,0.8787878787878788,0.946969696969697,1.0,0.9583333333333334,0.8732818278076361,1.0,1.0,0.0,0.06666666666666667,0.0,0.0,True,True,True
630,"DNge108,DNge118",L,2,2.0,2,3,descending_neuron,True,False,0.3501667422073342,0.6628787878787878,0.5416666666666667,0.7007575757575757,0.5227272727272727,-0.111130037247505,-1.0,-1.0,0.02222222222222096,0.0,0.0,0.0,True,False,True
631,"DNge108,DNge118",R,2,2.0,2,2,descending_neuron,True,False,0.5614742590565891,0.6704545454545454,0.571969696969697,0.7196969696969697,0.5113636363636364,-0.05822654196051184,-1.0,-1.0,0.03333333333333333,0.0,0.0,0.0,True,False,True
632,DNge109,L,2,2.0,2,1,descending_neuron,True,True,3.0428282426292594,0.8181818181818182,0.7348484848484849,0.7272727272727273,0.7727272727272727,0.555612066779959,1.0,1.0,0.06666666666666667,0.06666666666666667,0.06666666666666667,0.06666666666666667,True,False,True
633,DNge109,R,2,2.0,2,1,descending_neuron,True,True,4.05710432350568,0.5416666666666666,0.5833333333333333,0.5340909090909091,0.5037878787878788,-0.14394693717033627,1.0,-1.0,0.06666666666666667,0.06666666666666667,0.06666666666666667,0.06666666666666667,True,False,False
634,DNge110,L,2,2.0,2,2,descending_neuron,True,True,1.5214141213146297,0.7272727272727273,0.6477272727272727,0.5984848484848485,0.5681818181818181,0.4770698902486796,-1.0,-1.0,0.03333333333333333,0.03333333333333333,0.03333333333333333,0.03333333333333333,True,False,True
635,DNge110,R,2,2.0,2,2,descending_neuron,True,True,1.611974485678596,0.6098484848484849,0.5416666666666667,0.5037878787878788,0.5,0.3232772752936889,-1.0,-1.0,0.03333333333333333,0.03333333333333333,0.03333333333333333,0.03333333333333333,True,False,True
636,DNge111,L,2,2.0,2,3,descending_neuron,True,False,0.45883917944408936,0.5757575757575757,0.6477272727272727,0.5606060606060606,0.7613636363636364,-0.20884762536206058,-1.0,1.0,0.0,0.0,0.0,0.0,True,False,False
637,DNge111,R,2,2.0,2,3,descending_neuron,True,False,0.36224145745586916,0.5416666666666666,0.5113636363636364,0.5075757575757576,0.5151515151515151,-0.08623777110529308,1.0,-1.0,0.0,0.0,0.0,0.0,True,False,False
638,DNge113,L,2,2.3333333333333335,2,3,descending_neuron,True,False,0.0,0.5,0.5,0.5,0.5,0.0,0.0,0.0,0.0,0.0,0.0,0.0,True,False,False
639,DNge113,R,2,2.0,2,3,descending_neuron,True,False,0.0,0.5,0.5,0.5,0.5,0.0,0.0,0.0,0.0,0.0,0.0,0.0,True,False,False
640,DNge114,L,2,2.25,2,4,descending_neuron,True,True,2.3726815463359094,0.9772727272727273,0.9886363636363636,0.9545454545454546,0.9545454545454546,0.8302837844567474,1.0,1.0,0.03333333333333333,0.06666666666666667,0.05,0.05,True,True,True
641,DNge114,R,2,2.0,2,2,descending_neuron,True,True,3.948431886268922,0.821969696969697,0.6477272727272727,0.9204545454545454,0.75,0.4513345352166187,1.0,1.0,0.06666666666666667,0.1,0.06666666666666667,0.06666666666666667,True,False,True
642,DNge115,L,2,2.25,2,4,descending_neuron,True,True,4.238225052233612,0.6136363636363636,0.5340909090909091,0.6666666666666666,0.5037878787878788,0.028908830648844384,1.0,1.0,0.08333333333333333,0.08333333333333333,0.08333333333333333,0.08333333333333333,True,False,True
643,DNge115,R,2,2.5,2,4,descending_neuron,True,True,4.365009562343164,0.7234848484848485,0.6325757575757576,0.5227272727272727,0.6666666666666666,0.058289373016969515,-1.0,1.0,0.08333333333333333,0.08333333333333333,0.08333333333333333,0.08333333333333333,True,False,False
644,DNge116,L,2,2.0,2,2,descending_neuron,True,True,2.590026420809429,0.6477272727272727,0.9090909090909091,0.6818181818181818,0.9583333333333334,0.4004323133475599,1.0,1.0,0.03333333333333333,0.06666666666666667,0.06666666666666667,0.06666666666666667,True,False,True
645,DNge116,R,2,2.0,2,2,descending_neuron,True,True,4.854035529908578,0.8106060606060606,0.7916666666666666,0.8106060606060606,0.8636363636363636,0.37614750843026606,1.0,1.0,0.06666666666666667,0.1,0.1,0.1,True,False,True
646,DNge117,L,2,2.0,2,2,descending_neuron,True,True,1.1410605909859715,0.8977272727272727,0.6628787878787878,0.875,0.75,0.10457133780168587,1.0,1.0,0.0,0.03333333333333333,0.03333333333333333,0.03333333333333333,True,False,True
647,DNge117,R,2,3.0,3,2,descending_neuron,True,True,1.2316209553499378,0.6704545454545454,0.7765151515151515,0.6666666666666666,0.8863636363636364,0.4752759615539744,1.0,1.0,0.03333333333333333,0.03333333333333333,0.03333333333333333,0.03333333333333333,True,False,True
648,DNge119,L,2,2.0,2,1,descending_neuron,True,True,2.8254833681557403,0.5416666666666667,0.5378787878787878,0.5378787878787878,0.5492424242424242,-0.3235294117647058,-1.0,-1.0,0.06666666666666667,0.06666666666666667,0.06666666666666667,0.06666666666666667,True,False,True
649,DNge119,R,2,2.0,2,1,descending_neuron,True,True,6.194328922495278,0.5416666666666666,0.625,0.5492424242424242,0.5946969696969697,0.6205052279940232,1.0,1.0,0.13333333333333333,0.13333333333333333,0.13333333333333333,0.13333333333333333,True,False,True
650,DNge120,L,2,3.0,3,1,descending_neuron,True,True,3.332621408593952,0.5,0.5454545454545454,0.5,0.5,0.0,0.0,-1.0,0.06666666666666667,0.06666666666666667,0.06666666666666667,0.06666666666666667,True,False,False
651,DNge120,R,2,2.0,2,1,descending_neuron,True,True,3.405069700085125,0.5454545454545454,0.5,0.5454545454545454,0.5,0.0,-1.0,0.0,0.06666666666666667,0.06666666666666667,0.06666666666666667,0.06666666666666667,True,False,False
652,DNge121,L,2,2.0,2,1,descending_neuron,True,False,0.18112072872793197,0.625,0.5416666666666667,0.5,0.5,-0.07901744265512675,-1.0,-1.0,0.0,0.0,0.0,0.0,True,False,True
653,DNge121,R,2,2.0,2,1,descending_neuron,True,False,0.1448965829823456,0.5833333333333334,0.5,0.5416666666666666,0.5,0.0,1.0,0.0,0.0,0.0,0.0,0.0,True,False,False
654,DNge122,L,2,3.0,3,1,descending_neuron,True,False,0.0724482914911728,0.5416666666666666,0.5454545454545454,0.5416666666666666,0.5,0.04545454545454549,1.0,1.0,0.0,0.0,0.0,0.0,True,False,True
655,DNge122,R,2,3.0,3,1,descending_neuron,True,False,0.0,0.5,0.5,0.5,0.5,0.0,0.0,0.0,0.0,0.0,0.0,0.0,True,False,False
656,DNge123,L,2,3.0,3,1,descending_neuron,True,False,0.0,0.5,0.5,0.5,0.5,0.0,0.0,0.0,0.0,0.0,0.0,0.0,True,False,False
657,DNge123,R,2,2.0,2,1,descending_neuron,True,False,0.0,0.5,0.6136363636363636,0.5,0.5795454545454546,0.0,0.0,1.0,0.0,0.0,0.0,0.0,True,False,False
658,DNge124,L,2,3.0,3,1,descending_neuron,True,False,0.5071380404382095,0.5340909090909091,0.5681818181818181,0.625,0.5075757575757576,0.17792907371832625,1.0,-1.0,0.0,0.0,0.0,0.0,True,False,False
659,DNge124,R,2,2.0,2,1,descending_neuron,True,True,0.6158104776749687,0.571969696969697,0.5303030303030303,0.6666666666666666,0.5795454545454546,-0.08042391726350112,1.0,-1.0,0.0,0.0,0.0,0.0,True,False,False
660,DNge125,L,2,2.0,2,1,descending_neuron,True,False,0.0,0.5,0.5416666666666667,0.5,0.5,0.0,0.0,-1.0,0.0,0.0,0.0,0.0,True,False,False
661,DNge125,R,2,2.0,2,1,descending_neuron,True,False,0.0,0.5,0.5833333333333333,0.5,0.5454545454545454,0.0,0.0,-1.0,0.0,0.0,0.0,0.0,True,False,False
662,DNge126,L,2,2.0,2,1,descending_neuron,True,False,0.0724482914911728,0.5416666666666666,0.5378787878787878,0.5416666666666666,0.5833333333333334,0.04875149494180871,1.0,1.0,0.0,0.0,0.0,0.0,True,False,True
663,DNge126,R,2,2.0,2,1,descending_neuron,True,True,2.101000453244011,0.6704545454545454,0.7613636363636364,0.821969696969697,0.8636363636363636,0.37776797469960677,1.0,1.0,0.0,0.06666666666666667,0.06666666666666667,0.06666666666666667,True,False,True
664,DNge127,L,2,2.0,2,1,descending_neuron,True,True,3.0790523883748464,0.5795454545454546,0.7348484848484849,0.5833333333333333,0.75,0.6241067993159182,-1.0,-1.0,0.06666666666666667,0.06666666666666667,0.06666666666666667,0.06666666666666667,True,False,True
665,DNge127,R,2,2.0,2,1,descending_neuron,True,True,3.332621408593952,0.5,0.5454545454545454,0.5,0.5454545454545454,0.0,0.0,-1.0,0.06666666666666667,0.06666666666666667,0.06666666666666667,0.06666666666666667,True,False,False
666,DNge128,L,2,3.0,3,1,descending_neuron,True,False,0.21734487447351838,0.5416666666666666,0.7083333333333334,0.5416666666666666,0.5416666666666666,-0.03533571355736593,1.0,1.0,0.0,0.0,0.0,0.0,True,False,True
667,DNge128,R,2,2.0,2,1,descending_neuron,True,False,0.0,0.5,0.5454545454545454,0.5,0.5454545454545454,0.0,0.0,-1.0,0.0,0.0,0.0,0.0,True,False,False
668,DNge129,L,2,2.0,2,1,descending_neuron,True,False,0.2897931659646912,0.6590909090909091,0.5833333333333334,0.625,0.5416666666666666,0.24960095744714764,1.0,1.0,0.0,0.0,0.0,0.0,True,False,True
669,DNge129,R,2,2.0,2,1,descending_neuron,True,False,0.1448965829823456,0.5833333333333334,0.5833333333333334,0.5833333333333334,0.5833333333333334,0.9999999999999998,1.0,1.0,0.0,0.0,0.0,0.0,True,False,True
670,DNge130,L,2,3.0,3,1,descending_neuron,True,False,0.0,0.5,0.5,0.5,0.5,0.0,0.0,0.0,0.0,0.0,0.0,0.0,True,False,False
671,DNge130,R,2,2.0,2,1,descending_neuron,True,False,0.0,0.5,0.5,0.5,0.5,0.0,0.0,0.0,0.0,0.0,0.0,0.0,True,False,False
672,DNge131,L,2,3.0,3,1,descending_neuron,True,True,3.4775179915762977,0.5037878787878788,0.5037878787878788,0.5037878787878788,0.5,0.09523809523809525,-1.0,1.0,0.06666666666666667,0.06666666666666667,0.06666666666666667,0.06666666666666667,True,False,False
673,DNge131,R,2,3.0,3,1,descending_neuron,True,True,3.332621408593952,0.5,0.5,0.5,0.5,0.0,0.0,0.0,0.06666666666666667,0.06666666666666667,0.06666666666666667,0.06666666666666667,True,False,False
674,DNge132,L,2,2.0,2,1,descending_neuron,True,False,0.0724482914911728,0.5416666666666666,0.5,0.5416666666666666,0.5,0.0,1.0,0.0,0.0,0.0,0.0,0.0,True,False,False
675,DNge132,R,2,3.0,3,1,descending_neuron,True,False,0.10867243723675919,0.5833333333333334,0.5416666666666666,0.5416666666666666,0.5416666666666666,0.019968076595771794,1.0,1.0,0.0,0.0,0.0,0.0,True,False,True
676,DNge133,L,2,3.0,3,1,descending_neuron,True,False,0.1448965829823456,0.5,0.553030303030303,0.5416666666666666,0.5,-0.35746017649212025,0.0,1.0,0.0,0.0,0.0,0.0,True,False,False
677,DNge133,R,2,3.0,3,1,descending_neuron,True,True,1.3040692468411104,0.5643939393939394,0.5378787878787878,0.6098484848484849,0.5757575757575758,-0.048481206156894954,1.0,-1.0,0.0,0.06666666666666667,0.0,0.0,True,False,False
678,DNge134,L,2,3.0,3,1,descending_neuron,True,True,5.795863319293828,0.7196969696969697,0.5265151515151515,0.6401515151515151,0.5492424242424242,0.07082142317965112,1.0,1.0,0.13333333333333333,0.13333333333333333,0.13333333333333333,0.13333333333333333,True,False,True
679,DNge134,R,2,3.0,3,1,descending_neuron,True,True,6.158104776749694,0.6136363636363636,0.7159090909090909,0.5946969696969697,0.6363636363636364,-0.11588813366263834,1.0,1.0,0.13333333333333333,0.13333333333333333,0.13333333333333333,0.13333333333333333,True,False,True
680,DNge135,L,2,2.0,2,1,descending_neuron,True,False,0.0,0.5,0.5,0.5,0.5,0.0,0.0,0.0,0.0,0.0,0.0,0.0,True,False,False
681,DNge135,R,2,2.0,2,1,descending_neuron,True,False,0.0,0.5,0.5,0.5,0.5,0.0,0.0,0.0,0.0,0.0,0.0,0.0,True,False,False
682,DNge136,L,2,2.5,2,2,descending_neuron,True,True,2.843595441028534,0.6060606060606061,0.5833333333333334,0.5833333333333334,0.5984848484848485,-0.09875148245757921,1.0,1.0,0.06666666666666667,0.06666666666666667,0.06666666666666667,0.06666666666666667,True,False,True
683,DNge136,R,2,2.5,2,2,descending_neuron,True,True,2.02855216175284,0.5606060606060606,0.6022727272727273,0.5946969696969697,0.571969696969697,0.03206029826920565,-1.0,1.0,0.03333333333333333,0.03333333333333333,0.03333333333333333,0.03333333333333333,True,False,False
684,DNge137,L,2,3.0,3,1,descending_neuron,True,True,3.2601731171027786,0.5454545454545454,0.5,0.5,0.5833333333333334,-0.06439963153212236,-1.0,0.0,0.06666666666666667,0.06666666666666667,0.06666666666666667,0.06666666666666667,True,False,False
685,DNge137,R,2,2.0,2,2,descending_neuron,True,True,3.5137421373218833,0.7272727272727273,0.5227272727272727,0.6363636363636364,0.5,0.019388448481190708,-1.0,-1.0,0.06666666666666667,0.06666666666666667,0.06666666666666667,0.06666666666666667,True,False,True
686,DNge139,L,2,3.0,3,1,descending_neuron,True,False,0.2897931659646912,0.5,0.5833333333333334,0.5416666666666666,0.5416666666666666,-0.21251878405600372,0.0,1.0,0.0,0.0,0.0,0.0,True,False,False
687,DNge139,R,2,3.0,3,1,descending_neuron,True,False,0.1448965829823456,0.5833333333333333,0.5833333333333333,0.5,0.5416666666666666,0.36244018814637496,-1.0,-1.0,0.0,0.0,0.0,0.0,True,False,True
688,DNge140,L,2,2.0,2,1,descending_neuron,True,False,0.0,0.5,0.5833333333333334,0.5,0.5416666666666666,0.0,0.0,1.0,0.0,0.0,0.0,0.0,True,False,False
689,DNge140,R,2,2.0,2,1,descending_neuron,True,False,0.0,0.5,0.5416666666666667,0.5,0.5,0.0,0.0,-1.0,0.0,0.0,0.0,0.0,True,False,False
690,DNge141,L,2,2.0,2,1,descending_neuron,True,True,3.4775179915762977,0.5909090909090908,0.625,0.5909090909090908,0.5909090909090908,-0.037424059428255975,-1.0,-1.0,0.06666666666666667,0.06666666666666667,0.06666666666666667,0.06666666666666667,True,False,True
691,DNge141,R,2,2.0,2,1,descending_neuron,True,True,3.405069700085124,0.5416666666666667,0.5,0.5,0.5,0.0,-1.0,0.0,0.06666666666666667,0.06666666666666667,0.06666666666666667,0.06666666666666667,True,False,False
692,DNge142,L,2,3.0,3,1,descending_neuron,True,True,1.3402933925866964,0.5037878787878788,0.6136363636363636,0.5946969696969697,0.5681818181818182,-0.06826462895674178,1.0,1.0,0.0,0.05,0.0,0.0,True,False,True
693,DNge142,R,2,2.0,2,1,descending_neuron,True,True,1.5214141213146286,0.5833333333333334,0.5795454545454546,0.5227272727272727,0.5189393939393939,0.515608286496873,1.0,-1.0,0.0,0.03333333333333333,0.0,0.0,True,False,False
694,DNge143,L,2,2.0,2,1,descending_neuron,True,True,0.6520346234205552,0.625,0.5757575757575758,0.5568181818181819,0.5378787878787878,-0.2666739829256819,-1.0,1.0,0.0,0.0,0.0,0.0,True,False,False
695,DNge143,R,2,2.0,2,1,descending_neuron,True,False,0.2535690202191048,0.5151515151515151,0.5795454545454546,0.5151515151515151,0.5909090909090908,0.303315017762062,-1.0,-1.0,0.0,0.0,0.0,0.0,True,False,True
696,DNge144,L,2,2.0,2,1,descending_neuron,True,False,0.0,0.5,0.5416666666666666,0.5,0.5416666666666666,0.0,0.0,1.0,0.0,0.0,0.0,0.0,True,False,False
697,DNge144,R,2,3.0,3,1,descending_neuron,True,False,0.0,0.5,0.5,0.5,0.5,0.0,0.0,0.0,0.0,0.0,0.0,0.0,True,False,False
698,DNge145,L,2,2.5,2,2,descending_neuron,True,False,0.0,0.5,0.5,0.5,0.5,0.0,0.0,0.0,0.0,0.0,0.0,0.0,True,False,False
699,DNge145,R,2,2.0,2,2,descending_neuron,True,False,0.0,0.5,0.5,0.5,0.5,0.0,0.0,0.0,0.0,0.0,0.0,0.0,True,False,False
700,DNge146,L,2,3.0,3,1,descending_neuron,True,False,0.36224145745586395,0.5378787878787878,0.571969696969697,0.5378787878787878,0.5265151515151515,0.10238475536229114,-1.0,1.0,0.0,0.0,0.0,0.0,True,False,False
701,DNge146,R,2,3.0,3,1,descending_neuron,True,False,0.1448965829823456,0.5,0.5075757575757576,0.5416666666666666,0.5075757575757576,1.0107864543522343e-18,0.0,-1.0,0.0,0.0,0.0,0.0,True,False,False
702,DNge147,L,2,3.0,3,1,descending_neuron,True,False,0.0,0.5,0.5,0.5,0.5,0.0,0.0,0.0,0.0,0.0,0.0,0.0,True,False,False
703,DNge147,R,2,3.0,3,1,descending_neuron,True,False,0.0,0.5,0.5,0.5,0.5,0.0,0.0,0.0,0.0,0.0,0.0,0.0,True,False,False
704,DNge148,L,2,2.0,2,1,descending_neuron,True,False,0.0724482914911728,0.5416666666666667,0.5416666666666667,0.5,0.5,-0.045454545454545456,-1.0,-1.0,0.0,0.0,0.0,0.0,True,False,True
705,DNge148,R,2,2.0,2,1,descending_neuron,True,False,0.21734487447351838,0.5416666666666667,0.5,0.5416666666666666,0.5416666666666666,0.7229988054812213,-1.0,0.0,0.0,0.0,0.0,0.0,True,False,False
706,DNge153,L,2,3.0,3,1,descending_neuron,True,False,0.21734487447351838,0.5416666666666666,0.5795454545454546,0.5416666666666666,0.5833333333333334,0.15454682679985524,1.0,1.0,0.0,0.0,0.0,0.0,True,False,True
707,DNge153,R,2,3.0,3,1,descending_neuron,True,False,0.10867243723675919,0.5833333333333334,0.5454545454545454,0.5833333333333334,0.5037878787878788,-0.06212365249219369,1.0,-1.0,0.0,0.0,0.0,0.0,True,False,False
708,"DNge154,DNge156",L,2,2.0,2,1,descending_neuron,True,False,0.21734487447351838,0.5416666666666667,0.5833333333333333,0.5037878787878788,0.5454545454545454,0.0,-1.0,-1.0,0.0,0.0,0.0,0.0,True,False,True
709,"DNge154,DNge156",R,2,2.0,2,1,descending_neuron,True,False,0.0,0.5,0.5454545454545454,0.5,0.5,0.0,0.0,1.0,0.0,0.0,0.0,0.0,True,False,False
710,DNge172,L,2,3.0,3,1,descending_neuron,True,True,6.049432339512931,0.6856060606060606,0.5265151515151515,0.5909090909090909,0.5151515151515151,0.12274936586387786,1.0,-1.0,0.13333333333333333,0.13333333333333333,0.13333333333333333,0.13333333333333333,True,False,False
711,DNge172,R,2,2.6666666666666665,3,3,descending_neuron,True,True,6.387524366471526,0.5568181818181818,0.5568181818181819,0.6439393939393939,0.5340909090909091,-0.22410148038751018,1.0,-1.0,0.13333333333333333,0.13333333333333333,0.13333333333333333,0.13333333333328787,True,False,False
712,DNge173,L,2,2.0,2,1,descending_neuron,True,False,0.0,0.5,0.5,0.5,0.5,0.0,0.0,0.0,0.0,0.0,0.0,0.0,True,False,False
713,DNge173,R,2,3.0,3,1,descending_neuron,True,False,0.0362241457455864,0.5416666666666666,0.5,0.5416666666666666,0.5,0.0,1.0,0.0,0.0,0.0,0.0,0.0,True,False,False
714,DNge174,L,2,3.0,3,1,descending_neuron,True,False,0.0,0.5,0.5,0.5,0.5,0.0,0.0,0.0,0.0,0.0,0.0,0.0,True,False,False
715,DNge174,R,2,3.0,3,1,descending_neuron,True,False,0.0,0.5,0.5,0.5,0.5,0.0,0.0,0.0,0.0,0.0,0.0,0.0,True,False,False
716,DNp01,L,2,2.0,2,1,descending_neuron,True,True,15.214141213146297,0.6590909090909091,0.5795454545454546,0.6590909090909091,0.5795454545454546,0.46643680294252127,1.0,1.0,0.3333333333333333,0.3333333333333333,0.3333333333333333,0.3333333333333333,True,False,True
717,DNp01,R,2,2.0,2,1,descending_neuron,True,True,13.801399529068426,0.7840909090909091,0.7348484848484849,0.696969696969697,0.5416666666666666,0.4895856030798543,1.0,1.0,0.26666666666666666,0.26666666666666666,0.26666666666666666,0.26666666666666666,True,False,True
718,DNp02,L,2,2.0,2,1,descending_neuron,True,True,11.953968096043518,0.5378787878787878,0.5606060606060606,0.5795454545454546,0.5151515151515151,0.5677335894338371,1.0,1.0,0.26666666666666666,0.26666666666666666,0.26666666666666666,0.26666666666666666,True,False,True
719,DNp02,R,2,2.0,2,1,descending_neuron,True,True,11.120812743895028,0.7537878787878788,0.5757575757575758,0.6136363636363636,0.5871212121212122,0.6498065414550696,1.0,1.0,0.2,0.2,0.2,0.2,True,False,True
720,DNp03,L,2,2.0,2,1,descending_neuron,True,True,6.77391525442466,0.5454545454545454,0.5795454545454546,0.5227272727272727,0.5075757575757576,0.4529728945713621,1.0,1.0,0.13333333333333333,0.13333333333333333,0.13333333333333333,0.13333333333333333,True,False,True
721,DNp03,R,2,2.0,2,1,descending_neuron,True,True,4.998932112890923,0.6325757575757576,0.7234848484848485,0.6212121212121212,0.7045454545454546,0.5909678239969418,-1.0,-1.0,0.13333333333333333,0.06666666666666667,0.06666666666666667,0.06666666666666667,True,False,True
722,DNp04,L,2,2.0,2,1,descending_neuron,True,True,23.147229131429707,0.5757575757575758,0.8674242424242424,0.5606060606060606,0.5227272727272727,0.3216908646750522,1.0,1.0,0.4666666666666667,0.4666666666666667,0.5333333333333333,0.5,False,False,True
723,DNp04,R,2,2.0,2,1,descending_neuron,True,True,22.241625487790035,0.7234848484848485,0.6060606060606061,0.6477272727272727,0.5833333333333334,0.7130247073162411,1.0,1.0,0.4666666666666667,0.4666666666666667,0.4666666666666667,0.4666666666666667,True,False,True
724,DNp05,L,2,2.0,2,1,descending_neuron,True,True,5.940759902276174,0.5037878787878788,0.5833333333333333,0.5113636363636364,0.5340909090909092,1.0705240825416637e-18,1.0,-1.0,0.13333333333333333,0.13333333333333333,0.13333333333333333,0.13333333333333333,True,False,False
725,DNp05,R,2,2.0,2,1,descending_neuron,True,True,4.600466509689473,0.6628787878787878,0.6515151515151515,0.5227272727272727,0.5340909090909091,0.6624786917027661,1.0,1.0,0.06666666666666667,0.06666666666666667,0.06666666666666667,0.06666666666666667,True,False,True
726,DNp06,L,2,2.0,2,1,descending_neuron,True,True,6.629018671442317,0.5833333333333334,0.5454545454545454,0.5833333333333334,0.5909090909090909,-0.01996807659577176,1.0,1.0,0.13333333333333333,0.13333333333333333,0.13333333333333333,0.13333333333333333,True,False,True
727,DNp06,R,2,2.0,2,1,descending_neuron,True,True,6.59279452569673,0.5416666666666666,0.5416666666666666,0.5833333333333334,0.5833333333333334,1.0,1.0,1.0,0.13333333333333333,0.13333333333333333,0.13333333333333333,0.13333333333333333,True,False,True
728,DNp07,L,2,2.0,2,1,descending_neuron,True,True,1.6663107042969743,0.9053030303030303,0.8636363636363636,1.0,0.9090909090909091,0.5939935855495556,-1.0,-1.0,0.06666666666666667,0.0,0.0,0.0,True,True,True
729,DNp07,R,2,2.0,2,1,descending_neuron,True,True,1.3765175383322832,0.9090909090909091,0.8863636363636364,0.8674242424242424,0.9090909090909091,0.65331158601757,-1.0,-1.0,0.06666666666666667,0.0,0.0,0.0,True,True,True
730,DNp08,L,2,2.0,2,1,descending_neuron,True,True,1.630086558551388,0.6893939393939394,0.625,0.7386363636363636,0.5681818181818181,0.17522589824177465,-1.0,-1.0,0.06666666666666667,0.0,0.016666666666666666,0.0,True,False,True
731,DNp08,R,2,2.0,2,1,descending_neuron,True,True,0.7969312064029007,0.5984848484848485,0.5,0.553030303030303,0.5340909090909091,-0.31458519481561453,-1.0,0.0,0.0,0.0,0.0,0.0,True,False,False
732,DNp09,L,2,2.0,2,1,descending_neuron,True,False,0.0,0.5,0.5,0.5,0.5,0.0,0.0,0.0,0.0,0.0,0.0,0.0,True,False,False
733,DNp09,R,2,2.0,2,1,descending_neuron,True,False,0.0,0.5,0.5,0.5,0.5,0.0,0.0,0.0,0.0,0.0,0.0,0.0,True,False,False
734,DNp10,L,2,2.0,2,1,descending_neuron,True,True,1.5938624128058014,0.5,0.6666666666666667,0.5227272727272727,0.5643939393939394,0.22658174179374146,0.0,-1.0,0.0,0.03333333333333333,0.0,0.0,True,False,False
735,DNp10,R,2,2.0,2,1,descending_neuron,True,True,1.630086558551388,0.5151515151515151,0.5303030303030303,0.5189393939393939,0.5227272727272727,0.3100222263528058,1.0,-1.0,0.06666666666666667,0.06666666666666667,0.06666666666666667,0.06666666666666667,True,False,False
736,DNp101,L,2,2.0,2,1,descending_neuron,True,False,0.0,0.5,0.5,0.5,0.5,0.0,0.0,0.0,0.0,0.0,0.0,0.0,True,False,False
737,DNp101,R,2,2.0,2,1,descending_neuron,True,False,0.0,0.5,0.5,0.5,0.5,0.0,0.0,0.0,0.0,0.0,0.0,0.0,True,False,False
738,DNp102,L,2,2.0,2,1,descending_neuron,True,True,3.332621408593952,0.5,0.5,0.5,0.5,0.0,0.0,0.0,0.06666666666666667,0.06666666666666667,0.06666666666666667,0.06666666666666667,True,False,False
739,DNp102,R,2,2.0,2,1,descending_neuron,True,True,3.332621408593952,0.5,0.5,0.5,0.5,0.0,0.0,0.0,0.06666666666666667,0.06666666666666667,0.06666666666666667,0.06666666666666667,True,False,False
740,DNp103,L,2,2.0,2,1,descending_neuron,True,True,8.041760355520188,0.7613636363636364,0.5757575757575758,0.6136363636363636,0.5265151515151515,0.32781501882489206,1.0,1.0,0.13333333333333333,0.16666666666666669,0.2,0.2,False,False,True
741,DNp103,R,2,2.0,2,1,descending_neuron,True,True,9.056036436396603,0.6060606060606061,0.5,0.5681818181818182,0.5568181818181818,0.3030303030303032,1.0,0.0,0.2,0.2,0.2,0.2,True,False,False
742,DNp104,L,2,2.0,2,1,descending_neuron,True,True,3.0428282426292594,0.5,0.5757575757575758,0.5909090909090909,0.5454545454545454,-1.045911043439144e-18,0.0,1.0,0.06666666666666667,0.06666666666666667,0.06666666666666667,0.06666666666666667,True,False,False
743,DNp104,R,2,2.0,2,1,descending_neuron,True,True,3.1877248256116055,0.5833333333333334,0.5,0.5454545454545454,0.5,0.0,1.0,0.0,0.06666666666666667,0.06666666666666667,0.06666666666666667,0.06666666666666667,True,False,False
744,DNp11,L,2,2.0,2,1,descending_neuron,True,True,6.9550359831525945,0.7348484848484849,0.7613636363636364,0.6363636363636364,0.6818181818181818,0.9252707553275231,1.0,1.0,0.13333333333333333,0.13333333333333333,0.13333333333333333,0.13333333333333333,True,False,True
745,DNp11,R,2,2.0,2,1,descending_neuron,True,True,6.520346234205557,0.6590909090909091,0.6590909090909091,0.5833333333333334,0.6590909090909091,0.7668560372183176,1.0,1.0,0.13333333333333333,0.13333333333333333,0.13333333333333333,0.13333333333333333,True,False,True
746,DNp12,L,2,2.0,2,1,descending_neuron,True,True,3.0428282426292594,0.5795454545454546,0.5378787878787878,0.5037878787878788,0.5037878787878788,-0.29078999901889985,-1.0,-1.0,0.06666666666666667,0.06666666666666667,0.06666666666666667,0.06666666666666667,True,False,True
747,DNp12,R,2,2.0,2,1,descending_neuron,True,True,2.571914347936635,0.7424242424242424,0.5757575757575757,0.75,0.5378787878787878,-0.07149203529842406,-1.0,-1.0,0.06666666666666667,0.03333333333333333,0.06666666666666667,0.06666666666666667,True,False,True
748,DNp13,L,2,2.0,2,1,descending_neuron,True,False,0.21734487447351838,0.625,0.5,0.5909090909090908,0.5,0.0,-1.0,0.0,0.0,0.0,0.0,0.0,True,False,False
749,DNp13,R,2,2.0,2,1,descending_neuron,True,False,0.10867243723675919,0.5454545454545454,0.5,0.5454545454545454,0.5,0.0,1.0,0.0,0.0,0.0,0.0,0.0,True,False,False
750,DNp14,L,2,2.0,2,1,descending_neuron,True,False,0.0,0.5,0.5,0.5,0.5,0.0,0.0,0.0,0.0,0.0,0.0,0.0,True,False,False
751,DNp14,R,2,2.0,2,1,descending_neuron,True,False,0.0,0.5,0.5,0.5,0.5,0.0,0.0,0.0,0.0,0.0,0.0,0.0,True,False,False
752,DNp15,L,2,2.0,2,1,descending_neuron,True,True,6.447897942714386,0.6212121212121212,0.5340909090909092,0.5833333333333333,0.5037878787878788,0.574540762155864,-1.0,-1.0,0.13333333333333333,0.13333333333333333,0.13333333333333333,0.13333333333333333,True,False,True
753,DNp15,R,2,2.0,2,1,descending_neuron,True,True,7.534622315081978,0.5681818181818182,0.5606060606060606,0.6060606060606061,0.6022727272727273,0.6611111111111112,1.0,1.0,0.13333333333333333,0.13333333333333333,0.2,0.13333333333333333,False,False,True
754,DNp16,L,2,2.0,2,2,descending_neuron,True,False,0.25356902021910477,0.6856060606060606,0.5113636363636364,0.625,0.5416666666666666,-0.046966821831386195,1.0,1.0,0.0,0.0,0.0,0.0,True,False,True
755,DNp16,R,2,2.0,2,2,descending_neuron,True,False,0.5614742590565891,0.5909090909090909,0.6590909090909091,0.5303030303030303,0.7727272727272727,0.0527773384908493,1.0,1.0,0.0,0.0,0.0,0.0,True,False,True
756,DNp17,L,2,2.0,2,6,descending_neuron,True,True,1.7508337110367302,1.0,0.9848484848484849,1.0,1.0,0.9570333569488844,-1.0,-1.0,0.07777777777777525,0.0,0.03333333333333333,0.03333333333333333,True,True,True
757,DNp17,R,2,2.0,2,6,descending_neuron,True,True,2.4330551225785464,1.0,0.9848484848484849,0.9924242424242424,1.0,0.9400637017386358,-1.0,-1.0,0.1,0.0,0.055555555555542924,0.044444444444434336,True,True,True
758,DNp18,L,2,2.0,2,1,descending_neuron,True,False,0.2897931659646912,0.5909090909090908,0.8181818181818181,0.6363636363636364,0.7272727272727273,-0.014854397775557741,-1.0,-1.0,0.0,0.0,0.0,0.0,True,False,True
759,DNp18,R,2,2.0,2,1,descending_neuron,True,True,1.195396809604351,0.8143939393939394,0.803030303030303,0.6893939393939394,0.7310606060606061,0.2793293351890792,-1.0,-1.0,0.06666666666666667,0.0,0.0,0.0,True,True,True
760,DNp19,L,2,2.0,2,1,descending_neuron,True,False,0.0,0.5,0.5037878787878788,0.5,0.5037878787878788,0.0,0.0,-1.0,0.0,0.0,0.0,0.0,True,False,False
761,DNp19,R,2,2.0,2,1,descending_neuron,True,True,1.3040692468411104,0.5833333333333334,0.5416666666666666,0.5643939393939394,0.5265151515151515,0.02329012852667011,1.0,1.0,0.06666666666666667,0.0,0.0,0.0,True,False,True
762,DNp20,L,2,2.0,2,1,descending_neuron,True,True,3.658638720304229,0.9545454545454546,0.9204545454545454,0.9204545454545454,0.9318181818181819,0.7374219933040072,-1.0,-1.0,0.13333333333333333,0.06666666666666667,0.06666666666666667,0.06666666666666667,True,True,True
763,DNp20,R,2,2.0,2,1,descending_neuron,True,True,3.984656032014508,0.8977272727272727,0.8560606060606061,0.875,0.9166666666666666,0.849827940745909,-1.0,-1.0,0.13333333333333333,0.06666666666666667,0.06666666666666667,0.06666666666666667,True,True,True
764,DNp22,L,2,2.0,2,1,descending_neuron,True,True,1.3040692468411104,0.8371212121212122,0.8939393939393939,0.9583333333333334,1.0,0.6461538461538462,1.0,1.0,0.0,0.06666666666666667,0.0,0.0,True,True,True
765,DNp22,R,2,2.0,2,1,descending_neuron,True,False,0.7969312064029007,0.7462121212121212,0.5833333333333334,0.7462121212121212,0.6666666666666666,-0.10741933904141375,1.0,1.0,0.0,0.06666666666666667,0.0,0.0,True,False,True
766,DNp23,L,2,2.0,2,1,descending_neuron,True,False,0.36224145745586395,0.6174242424242424,0.6628787878787878,0.625,0.6590909090909091,0.11991752510433924,1.0,1.0,0.0,0.0,0.0,0.0,True,False,True
767,DNp23,R,2,2.0,2,1,descending_neuron,True,True,1.4127416840778693,0.571969696969697,0.7121212121212122,0.5909090909090909,0.6098484848484849,-0.3213376001308488,1.0,1.0,0.0,0.06666666666666667,0.0,0.0,True,False,True
768,DNp24,L,2,2.0,2,1,descending_neuron,True,False,0.0,0.5,0.5,0.5,0.5,0.0,0.0,0.0,0.0,0.0,0.0,0.0,True,False,False
769,DNp24,R,2,2.0,2,1,descending_neuron,True,False,0.0724482914911728,0.5416666666666667,0.5,0.5,0.5,0.0,-1.0,0.0,0.0,0.0,0.0,0.0,True,False,False
770,DNp25,L,2,2.0,2,1,descending_neuron,True,False,0.1448965829823456,0.5909090909090909,0.5833333333333334,0.5,0.5416666666666666,0.5232681184722835,1.0,1.0,0.0,0.0,0.0,0.0,True,False,True
771,DNp25,R,2,2.0,2,1,descending_neuron,True,False,0.18112072872793203,0.5416666666666666,0.5833333333333333,0.5833333333333334,0.5,0.021501647626876525,1.0,-1.0,0.0,0.0,0.0,0.0,True,False,False
772,DNp26,L,2,2.0,2,1,descending_neuron,True,True,4.85403552990858,0.9242424242424242,0.9431818181818182,1.0,1.0,0.8221376269166254,-1.0,-1.0,0.13333333333333333,0.06666666666666667,0.06666666666666667,0.06666666666666667,True,True,True
773,DNp26,R,2,2.0,2,1,descending_neuron,True,True,5.36117357034679,0.9393939393939394,0.9431818181818182,1.0,1.0,0.9022974835396337,-1.0,-1.0,0.13333333333333333,0.06666666666666667,0.13333333333333333,0.13333333333333333,True,True,True
774,DNp27,L,2,1.0,1,1,descending_neuron,True,True,0.7969312064029007,0.6856060606060606,0.625,0.5113636363636364,0.5454545454545454,0.2107509990641975,-1.0,-1.0,0.0,0.0,0.0,0.0,True,False,True
775,DNp27,R,2,1.0,1,1,descending_neuron,True,True,0.5071380404382095,0.7954545454545454,0.7348484848484849,0.625,0.6136363636363636,-0.42426636329013606,1.0,-1.0,0.0,0.0,0.0,0.0,True,False,False
776,DNp28,L,2,3.0,3,1,descending_neuron,True,True,1.738758995788147,0.6212121212121212,0.7272727272727273,0.6931818181818182,0.6098484848484849,0.14456082739572798,1.0,1.0,0.0,0.06666666666666667,0.06666666666666667,0.06666666666666667,True,False,True
777,DNp28,R,2,3.0,3,1,descending_neuron,True,False,0.0,0.5,0.5,0.5,0.5,0.0,0.0,0.0,0.0,0.0,0.0,0.0,True,False,False
778,DNp29,L,2,2.0,2,1,descending_neuron,True,True,4.129552614996853,0.5378787878787878,0.6590909090909091,0.6628787878787878,0.7424242424242424,0.3745807621681002,1.0,1.0,0.06666666666666667,0.06666666666666667,0.06666666666666667,0.06666666666666667,True,False,True
779,DNp29,R,2,2.0,2,1,descending_neuron,True,True,3.4775179915762977,0.5909090909090908,0.5833333333333334,0.5909090909090908,0.5416666666666666,-0.5232681184722835,-1.0,1.0,0.06666666666666667,0.06666666666666667,0.06666666666666667,0.06666666666666667,True,False,False
780,DNp30,L,2,1.0,1,1,descending_neuron,True,True,2.7530350766645677,0.6666666666666666,0.6666666666666666,0.6856060606060606,0.6931818181818182,0.255938891658736,1.0,1.0,0.06666666666666667,0.06666666666666667,0.06666666666666667,0.06666666666666667,True,False,True
781,DNp30,R,2,1.0,1,1,descending_neuron,True,True,1.9923280160072516,0.6628787878787878,0.5606060606060606,0.7613636363636364,0.6287878787878788,0.15465399821549763,1.0,1.0,0.0,0.06666666666666667,0.06666666666666667,0.06666666666666667,True,False,True
782,DNp31,L,2,2.0,2,1,descending_neuron,True,True,2.897931659646914,0.5037878787878788,0.5757575757575757,0.5075757575757576,0.625,-0.08263106998211257,1.0,-1.0,0.06666666666666667,0.06666666666666667,0.06666666666666667,0.06666666666666667,True,False,False
783,DNp31,R,2,2.0,2,1,descending_neuron,True,True,2.970379951138087,0.6174242424242424,0.5833333333333333,0.5833333333333333,0.5416666666666667,3.248917366056385e-19,-1.0,-1.0,0.06666666666666667,0.06666666666666667,0.06666666666666667,0.06666666666666667,True,False,True
784,DNp32,L,2,2.0,2,1,descending_neuron,True,True,6.665242817187904,0.5,0.5,0.5,0.5,0.0,0.0,0.0,0.13333333333333333,0.13333333333333333,0.13333333333333333,0.13333333333333333,True,False,False
785,DNp32,R,2,2.0,2,1,descending_neuron,True,True,6.411673796968797,0.5795454545454546,0.6363636363636364,0.5037878787878788,0.6363636363636364,-0.02097837980893843,1.0,1.0,0.13333333333333333,0.13333333333333333,0.13333333333333333,0.13333333333333333,True,False,True
786,DNp33,L,2,2.0,2,1,descending_neuron,True,False,0.0,0.5,0.5416666666666666,0.5,0.5416666666666666,0.0,0.0,1.0,0.0,0.0,0.0,0.0,True,False,False
787,DNp33,R,2,2.0,2,1,descending_neuron,True,False,0.1448965829823456,0.5037878787878788,0.5416666666666666,0.5,0.5416666666666666,0.06579516949597691,1.0,1.0,0.0,0.0,0.0,0.0,True,False,True
788,DNp34,L,2,2.0,2,1,descending_neuron,True,True,2.970379951138087,0.625,0.6666666666666666,0.6363636363636364,0.6818181818181818,0.5687964589945209,1.0,1.0,0.06666666666666667,0.06666666666666667,0.06666666666666667,0.06666666666666667,True,False,True
789,DNp34,R,2,2.0,2,1,descending_neuron,True,True,3.4775179915762977,0.7878787878787878,0.625,0.7878787878787878,0.625,0.4116363011742824,1.0,1.0,0.06666666666666667,0.06666666666666667,0.06666666666666667,0.06666666666666667,True,False,True
790,DNp35,L,2,2.0,2,1,descending_neuron,True,True,2.897931659646914,0.5833333333333334,0.5909090909090909,0.5909090909090909,0.5909090909090909,0.09523809523809525,1.0,1.0,0.06666666666666667,0.06666666666666667,0.06666666666666667,0.06666666666666667,True,False,True
791,DNp35,R,2,2.0,2,1,descending_neuron,True,True,2.282121181971943,0.6931818181818182,0.7916666666666666,0.7613636363636364,0.7765151515151515,0.6484410795481422,1.0,1.0,0.0,0.06666666666666667,0.06666666666666667,0.06666666666666667,True,False,True
792,DNp36,L,2,2.0,2,1,descending_neuron,True,False,0.0,0.5,0.5,0.5,0.5,0.0,0.0,0.0,0.0,0.0,0.0,0.0,True,False,False
793,DNp36,R,2,2.0,2,1,descending_neuron,True,False,0.0724482914911728,0.5416666666666667,0.5,0.5,0.5,0.0,-1.0,0.0,0.0,0.0,0.0,0.0,True,False,False
794,DNp38,L,2,2.0,2,1,descending_neuron,True,True,2.3907936192087025,0.8295454545454546,0.7954545454545454,0.8636363636363636,0.8636363636363636,0.33371190623595737,1.0,1.0,0.0,0.06666666666666667,0.06666666666666667,0.06666666666666667,True,False,True
795,DNp38,R,2,2.0,2,1,descending_neuron,True,True,3.2963972628483655,0.5833333333333334,0.5454545454545454,0.5833333333333334,0.5454545454545454,0.8985634468097318,1.0,1.0,0.06666666666666667,0.06666666666666667,0.06666666666666667,0.06666666666666667,True,False,True
796,DNp39,L,2,2.0,2,1,descending_neuron,True,False,0.21734487447351838,0.5378787878787878,0.5454545454545454,0.5378787878787878,0.5454545454545454,-0.08257228238447707,1.0,-1.0,0.0,0.0,0.0,0.0,True,False,False
797,DNp39,R,2,2.0,2,1,descending_neuron,True,False,0.0724482914911728,0.5416666666666666,0.5416666666666666,0.5416666666666666,0.5416666666666666,-0.04545454545454549,1.0,1.0,0.0,0.0,0.0,0.0,True,False,True
798,DNp40,L,2,2.0,2,1,descending_neuron,True,False,0.21734487447351838,0.6212121212121212,0.5833333333333333,0.5833333333333334,0.5454545454545454,-0.8224783208299743,1.0,-1.0,0.0,0.0,0.0,0.0,True,False,False
799,DNp40,R,2,2.0,2,1,descending_neuron,True,True,3.2963972628483655,0.5833333333333334,0.5,0.5833333333333334,0.5,0.0,1.0,0.0,0.06666666666666667,0.06666666666666667,0.06666666666666667,0.06666666666666667,True,False,False
800,DNp41,L,2,2.0,2,2,descending_neuron,True,True,1.7568710686609421,0.7689393939393939,0.7424242424242424,0.7386363636363636,0.6439393939393939,0.15444330767790515,1.0,1.0,0.03333333333333333,0.03333333333333333,0.03333333333333333,0.03333333333333333,True,False,True
801,DNp41,R,2,2.0,2,2,descending_neuron,True,True,2.3183453277175308,0.803030303030303,0.6439393939393939,0.7878787878787878,0.5795454545454546,-0.08528415439205647,1.0,1.0,0.03333333333333333,0.06666666666666667,0.03333333333333333,0.03333333333333333,True,False,True
802,DNp42,L,2,2.0,2,1,descending_neuron,True,False,0.0,0.5,0.5,0.5,0.5,0.0,0.0,0.0,0.0,0.0,0.0,0.0,True,False,False
803,DNp42,R,2,2.0,2,1,descending_neuron,True,False,0.0,0.5,0.5,0.5,0.5,0.0,0.0,0.0,0.0,0.0,0.0,0.0,True,False,False
804,DNp43,L,2,2.0,2,1,descending_neuron,True,True,2.8617075139013273,0.5492424242424242,0.5340909090909091,0.5151515151515151,0.5075757575757576,0.16581810370119712,1.0,1.0,0.06666666666666667,0.06666666666666667,0.06666666666666667,0.06666666666666667,True,False,True
805,DNp43,R,2,2.0,2,1,descending_neuron,True,True,3.115276534120433,0.6212121212121212,0.5833333333333334,0.5454545454545454,0.5416666666666667,-0.03742405942825599,1.0,1.0,0.06666666666666667,0.06666666666666667,0.06666666666666667,0.06666666666666667,True,False,True
806,DNp44,L,2,2.0,2,1,descending_neuron,True,False,0.0,0.5,0.5,0.5,0.5,0.0,0.0,0.0,0.0,0.0,0.0,0.0,True,False,False
807,DNp44,R,2,2.0,2,1,descending_neuron,True,False,0.0,0.5,0.5,0.5,0.5,0.0,0.0,0.0,0.0,0.0,0.0,0.0,True,False,False
808,DNp45,L,2,2.0,2,1,descending_neuron,True,False,0.0,0.5,0.5,0.5,0.5,0.0,0.0,0.0,0.0,0.0,0.0,0.0,True,False,False
809,DNp45,R,2,2.0,2,1,descending_neuron,True,False,0.0,0.5,0.5416666666666667,0.5,0.5,0.0,0.0,-1.0,0.0,0.0,0.0,0.0,True,False,False
810,DNp46,L,2,2.0,2,1,descending_neuron,True,True,0.7244829149117279,0.7954545454545454,0.6136363636363636,0.7916666666666666,0.6212121212121212,0.06883609896924191,1.0,1.0,0.0,0.06666666666666667,0.0,0.0,True,False,True
811,DNp46,R,2,2.0,2,1,descending_neuron,True,False,0.36224145745586395,0.625,0.7727272727272727,0.5833333333333334,0.75,0.29116161578269606,1.0,1.0,0.0,0.0,0.0,0.0,True,False,True
812,DNp47,L,2,2.0,2,1,descending_neuron,True,True,0.7244829149117279,0.7272727272727273,0.6590909090909092,0.7727272727272727,0.5946969696969697,0.47044821807034054,-1.0,-1.0,0.06666666666666667,0.0,0.0,0.0,True,False,True
813,DNp47,R,2,2.0,2,1,descending_neuron,True,True,1.0867243723675917,0.5909090909090908,0.7121212121212122,0.5568181818181819,0.6287878787878788,0.40557058353479575,-1.0,-1.0,0.0,0.0,0.0,0.0,True,False,True
814,DNp48,L,2,2.0,2,1,descending_neuron,True,False,0.0724482914911728,0.5416666666666666,0.5,0.5416666666666666,0.5,0.0,1.0,0.0,0.0,0.0,0.0,0.0,True,False,False
815,DNp48,R,2,2.0,2,1,descending_neuron,True,False,0.0,0.5,0.5,0.5,0.5,0.0,0.0,0.0,0.0,0.0,0.0,0.0,True,False,False
816,DNp49,L,2,2.0,2,1,descending_neuron,True,False,0.0724482914911728,0.5416666666666667,0.5,0.5,0.5,0.0,-1.0,0.0,0.0,0.0,0.0,0.0,True,False,False
817,DNp49,R,2,2.0,2,1,descending_neuron,True,False,0.2897931659646912,0.5909090909090909,0.5378787878787878,0.5416666666666666,0.5378787878787878,-0.02439750182371333,1.0,-1.0,0.0,0.0,0.0,0.0,True,False,False
818,"DNp51,DNpe019",L,2,2.0,2,2,descending_neuron,True,True,2.680586785173394,0.75,0.6818181818181818,0.8636363636363636,0.7727272727272727,0.2505212781700175,1.0,1.0,0.03333333333333333,0.06666666666666667,0.06666666666666667,0.06666666666666667,True,False,True
819,"DNp51,DNpe019",R,2,2.0,2,2,descending_neuron,True,True,2.282121181971943,0.9318181818181818,0.9204545454545454,1.0,0.9659090909090909,0.6351027017971603,1.0,1.0,0.03333333333333333,0.06666666666666667,0.06666666666666667,0.03333333333333333,True,True,True
820,DNp52,L,2,2.0,2,1,descending_neuron,True,True,3.0428282426292594,0.5795454545454546,0.5416666666666666,0.5909090909090909,0.5,-1.0459110434391442e-18,1.0,1.0,0.06666666666666667,0.06666666666666667,0.06666666666666667,0.06666666666666667,True,False,True
821,DNp52,R,2,3.0,3,1,descending_neuron,True,False,0.0,0.5,0.5,0.5,0.5,0.0,0.0,0.0,0.0,0.0,0.0,0.0,True,False,False
822,DNp53,L,2,2.0,2,1,descending_neuron,True,True,1.3765175383322832,0.9545454545454546,0.8674242424242424,1.0,0.9583333333333334,0.63748152631324,1.0,1.0,0.0,0.06666666666666667,0.0,0.0,True,True,True
823,DNp53,R,2,2.0,2,1,descending_neuron,True,True,1.5938624128058014,0.9242424242424242,0.9242424242424242,1.0,1.0,0.7676184724964368,1.0,1.0,0.0,0.06666666666666667,0.016666666666666666,0.0,True,True,True
824,DNp54,L,2,2.0,2,1,descending_neuron,True,True,1.6663107042969743,0.7196969696969697,0.678030303030303,0.6515151515151515,0.7727272727272727,0.31017126181783844,-1.0,-1.0,0.06666666666666667,0.0,0.0,0.0,True,False,True
825,DNp54,R,2,2.0,2,1,descending_neuron,True,True,3.2601731171027786,0.5416666666666666,0.5833333333333333,0.5,0.5833333333333333,0.062123652492193676,1.0,-1.0,0.06666666666666667,0.06666666666666667,0.06666666666666667,0.06666666666666667,True,False,False
826,DNp55,L,2,2.0,2,1,descending_neuron,True,False,0.0724482914911728,0.5416666666666666,0.5416666666666666,0.5416666666666666,0.5416666666666666,0.025854384499750954,1.0,1.0,0.0,0.0,0.0,0.0,True,False,True
827,DNp55,R,2,2.0,2,1,descending_neuron,True,False,0.0724482914911728,0.5416666666666666,0.5416666666666666,0.5416666666666666,0.5416666666666666,1.0,1.0,1.0,0.0,0.0,0.0,0.0,True,False,True
828,DNp56,L,2,2.0,2,1,descending_neuron,True,True,0.7244829149117279,0.5075757575757576,0.5340909090909092,0.5075757575757576,0.5454545454545454,0.282842712474619,1.0,-1.0,0.0,0.0,0.0,0.0,True,False,False
829,DNp56,R,2,2.0,2,1,descending_neuron,True,True,2.4632419106998755,0.6666666666666667,0.7727272727272727,0.7878787878787878,0.6212121212121212,0.31024880528641335,-1.0,-1.0,0.06666666666666667,0.0,0.06666666666666667,0.06666666666666667,True,False,True
830,DNp57,L,2,2.0,2,1,descending_neuron,True,True,1.8112072872793197,0.7083333333333333,0.8143939393939394,0.7878787878787878,0.8522727272727273,0.21169513554472008,-1.0,-1.0,0.06666666666666667,0.0,0.06666666666666667,0.06666666666666667,True,False,True
831,DNp57,R,2,2.0,2,1,descending_neuron,True,True,0.9780519351308327,0.5833333333333333,0.6174242424242424,0.6893939393939394,0.7272727272727273,0.0447766735594495,-1.0,-1.0,0.06666666666666667,0.0,0.0,0.0,True,False,True
832,DNp58,L,2,3.0,3,1,descending_neuron,True,False,0.36224145745586395,0.625,0.5833333333333333,0.6666666666666666,0.5492424242424243,-0.08257228238447703,1.0,-1.0,0.0,0.0,0.0,0.0,True,False,False
833,DNp58,R,2,2.0,2,1,descending_neuron,True,True,1.4489658298234558,0.5037878787878788,0.5946969696969697,0.5265151515151515,0.553030303030303,-0.21330371431585773,1.0,1.0,0.0,0.0,0.016666666666666666,0.0,False,False,True
834,DNp59,L,2,2.0,2,1,descending_neuron,True,False,0.0,0.5,0.5454545454545454,0.5,0.5454545454545454,0.0,0.0,-1.0,0.0,0.0,0.0,0.0,True,False,False
835,DNp59,R,2,2.0,2,1,descending_neuron,True,False,0.0,0.5,0.6590909090909091,0.5,0.5795454545454546,0.0,0.0,1.0,0.0,0.0,0.0,0.0,True,False,False
836,DNp60,L,2,2.0,2,1,descending_neuron,True,False,0.1448965829823456,0.5037878787878788,0.5833333333333333,0.5037878787878788,0.5454545454545454,-1.0705240825416637e-18,-1.0,-1.0,0.0,0.0,0.0,0.0,True,False,True
837,DNp60,R,2,2.0,2,1,descending_neuron,True,False,0.0,0.5,0.5,0.5,0.5,0.0,0.0,0.0,0.0,0.0,0.0,0.0,True,False,False
838,DNp62,L,2,2.0,2,1,descending_neuron,True,True,3.332621408593952,0.5,0.5416666666666666,0.5,0.5416666666666666,0.0,0.0,1.0,0.06666666666666667,0.06666666666666667,0.06666666666666667,0.06666666666666667,True,False,False
839,DNp62,R,2,2.0,2,1,descending_neuron,True,True,1.8836555787704925,0.6893939393939394,0.696969696969697,0.7386363636363636,0.7386363636363636,0.11574972160312212,1.0,1.0,0.0,0.06666666666666667,0.06666666666666667,0.06666666666666667,True,False,True
840,DNp63,L,2,2.0,2,1,descending_neuron,True,False,0.0,0.5,0.5,0.5,0.5,0.0,0.0,0.0,0.0,0.0,0.0,0.0,True,False,False
841,DNp63,R,2,2.0,2,1,descending_neuron,True,False,0.0724482914911728,0.5454545454545454,0.5,0.5454545454545454,0.5,0.0,-1.0,0.0,0.0,0.0,0.0,0.0,True,False,False
842,DNp64,L,2,2.0,2,1,descending_neuron,True,True,2.897931659646914,0.5795454545454546,0.6401515151515151,0.5454545454545454,0.6439393939393939,0.06104203046262086,1.0,1.0,0.06666666666666667,0.06666666666666667,0.06666666666666667,0.06666666666666667,True,False,True
843,DNp64,R,2,2.0,2,1,descending_neuron,True,True,3.332621408593952,0.5,0.5,0.5,0.5,0.0,0.0,0.0,0.06666666666666667,0.06666666666666667,0.06666666666666667,0.06666666666666667,True,False,False
844,DNp65,L,2,3.0,3,1,descending_neuron,True,False,0.1448965829823456,0.5037878787878788,0.5265151515151515,0.5,0.5265151515151515,-0.24538755828982217,1.0,1.0,0.0,0.0,0.0,0.0,True,False,True
845,DNp65,R,2,3.0,3,1,descending_neuron,True,True,0.9418277893852463,0.5113636363636364,0.5643939393939394,0.5606060606060606,0.5606060606060606,0.20524264207162726,1.0,-1.0,0.0,0.0,0.0,0.0,True,False,False
846,DNp66,L,2,2.0,2,1,descending_neuron,True,True,4.057104323505681,0.7310606060606061,0.5795454545454546,0.7916666666666666,0.5795454545454546,0.2654971220267957,1.0,1.0,0.06666666666666667,0.13333333333333333,0.06666666666666667,0.06666666666666667,True,False,True
847,DNp66,R,2,2.0,2,1,descending_neuron,True,True,4.238225052233613,0.7689393939393939,0.8636363636363636,0.7727272727272727,0.7916666666666666,0.4884591133330926,1.0,1.0,0.06666666666666667,0.13333333333333333,0.06666666666666667,0.06666666666666667,True,False,True
848,DNp67,L,2,2.0,2,1,descending_neuron,True,False,0.0,0.5,0.5454545454545454,0.5,0.5,0.0,0.0,1.0,0.0,0.0,0.0,0.0,True,False,False
849,DNp67,R,2,2.0,2,1,descending_neuron,True,False,0.0,0.5,0.5,0.5,0.5,0.0,0.0,0.0,0.0,0.0,0.0,0.0,True,False,False
850,DNp68,L,2,2.0,2,1,descending_neuron,True,True,0.9780519351308327,0.571969696969697,0.7007575757575758,0.5151515151515151,0.5037878787878788,-0.39579420316317854,-1.0,1.0,0.0,0.0,0.0,0.0,True,False,False
851,DNp68,R,2,2.0,2,1,descending_neuron,True,True,2.101000453244011,0.6666666666666667,0.5909090909090909,0.6022727272727273,0.6477272727272727,-0.22192461632704422,-1.0,1.0,0.06666666666666667,0.05,0.06666666666666667,0.06666666666666667,True,False,False
852,DNp69,L,2,2.0,2,1,descending_neuron,True,True,0.7244829149117279,0.5681818181818181,0.5416666666666667,0.5492424242424243,0.5946969696969697,-0.18894445139246857,-1.0,-1.0,0.0,0.0,0.0,0.0,True,False,True
853,DNp69,R,2,2.0,2,1,descending_neuron,True,True,1.3402933925866964,0.5757575757575758,0.6893939393939394,0.6022727272727273,0.7727272727272727,0.13840062736557118,1.0,1.0,0.0,0.016666666666666666,0.0,0.0,True,False,True
854,DNp70,L,2,2.0,2,1,descending_neuron,True,True,2.7892592224101542,0.6666666666666666,0.6590909090909091,0.6136363636363636,0.5909090909090909,0.15865952525580787,1.0,1.0,0.06666666666666667,0.06666666666666667,0.06666666666666667,0.06666666666666667,True,False,True
855,DNp70,R,2,2.0,2,1,descending_neuron,True,True,3.115276534120433,0.5378787878787878,0.5416666666666666,0.5454545454545454,0.5340909090909092,-0.018613803157904944,1.0,1.0,0.06666666666666667,0.06666666666666667,0.06666666666666667,0.06666666666666667,True,False,True
856,DNp71,L,2,2.0,2,1,descending_neuron,True,True,8.947363999159846,0.625,0.6136363636363636,0.5984848484848485,0.5984848484848485,0.5076992533059338,1.0,1.0,0.2,0.2,0.2,0.2,True,False,True
857,DNp71,R,2,2.0,2,1,descending_neuron,True,True,3.4775179915762973,0.5833333333333334,0.5416666666666666,0.5416666666666666,0.5833333333333334,0.41123916041498715,1.0,1.0,0.06666666666666667,0.06666666666666667,0.06666666666666667,0.06666666666666667,True,False,True
858,DNp72,L,2,2.0,2,1,descending_neuron,True,True,0.9418277893852463,0.9393939393939394,0.9090909090909091,0.9090909090909091,0.9090909090909091,0.786787296809698,-1.0,-1.0,0.06666666666666667,0.0,0.0,0.0,True,True,True
859,DNp72,R,2,2.0,2,1,descending_neuron,True,True,0.9418277893852463,0.875,0.7348484848484849,0.9545454545454546,0.7727272727272727,0.6941293867260775,-1.0,-1.0,0.06666666666666667,0.0,0.0,0.0,True,False,True
860,DNp73,L,2,2.0,2,1,descending_neuron,True,False,0.0,0.5,0.5416666666666666,0.5,0.5416666666666666,0.0,0.0,1.0,0.0,0.0,0.0,0.0,True,False,False
861,DNp73,R,2,2.0,2,1,descending_neuron,True,False,0.0,0.5,0.5,0.5,0.5,0.0,0.0,0.0,0.0,0.0,0.0,0.0,True,False,False
862,DNpe001,L,2,2.0,2,1,descending_neuron,True,False,0.0724482914911728,0.5454545454545454,0.5,0.5,0.5,0.0,1.0,0.0,0.0,0.0,0.0,0.0,True,False,False
863,DNpe001,R,2,2.0,2,1,descending_neuron,True,False,0.0,0.5,0.5,0.5,0.5,0.0,0.0,0.0,0.0,0.0,0.0,0.0,True,False,False
864,DNpe002,L,2,2.0,2,1,descending_neuron,True,True,0.9780519351308327,0.678030303030303,0.5416666666666667,0.5795454545454546,0.6439393939393939,-0.024604607418167123,-1.0,-1.0,0.0,0.0,0.0,0.0,True,False,True
865,DNpe002,R,2,2.0,2,1,descending_neuron,True,True,2.2458970362263564,0.5984848484848485,0.5757575757575757,0.6174242424242424,0.6136363636363636,0.5124362027510618,-1.0,-1.0,0.06666666666666667,0.06666666666666667,0.06666666666666667,0.06666666666666667,True,False,True
866,DNpe003,L,2,2.0,2,2,descending_neuron,True,False,0.2897931659646912,0.5795454545454546,0.7765151515151515,0.5113636363636364,0.75,-0.06104203046262086,1.0,1.0,0.0,0.0,0.0,0.0,True,False,True
867,DNpe003,R,2,2.0,2,2,descending_neuron,True,False,0.3260173117102776,0.5378787878787878,0.571969696969697,0.5795454545454546,0.5340909090909091,0.22747678926688852,1.0,1.0,0.0,0.0,0.0,0.0,True,False,True
868,DNpe004,L,2,2.0,2,2,descending_neuron,True,True,1.448965829823457,0.5037878787878788,0.5037878787878788,0.5037878787878788,0.5037878787878788,0.09523809523809527,-1.0,1.0,0.03333333333333333,0.03333333333333333,0.03333333333333333,0.03333333333333333,True,False,False
869,DNpe004,R,2,2.0,2,2,descending_neuron,True,False,0.6158104776749687,0.6022727272727273,0.5340909090909091,0.5303030303030303,0.6174242424242424,0.4252954532356173,1.0,1.0,0.0,0.0,0.0,0.0,True,False,True
870,DNpe005,L,2,2.0,2,1,descending_neuron,True,False,0.5071380404382095,0.7916666666666666,0.75,0.7727272727272727,0.7272727272727273,0.13994732386230616,-1.0,-1.0,0.06666666666666667,0.0,0.0,0.0,True,False,True
871,DNpe005,R,2,2.0,2,1,descending_neuron,True,False,0.0724482914911728,0.5416666666666667,0.5454545454545454,0.5,0.5,-0.04545454545454546,-1.0,1.0,0.0,0.0,0.0,0.0,True,False,False
872,DNpe006,L,2,3.0,3,1,descending_neuron,True,False,0.0,0.5,0.5,0.5,0.5,0.0,0.0,0.0,0.0,0.0,0.0,0.0,True,False,False
873,DNpe006,R,2,2.0,2,1,descending_neuron,True,False,0.0724482914911728,0.5416666666666666,0.5,0.5416666666666666,0.5,0.0,1.0,0.0,0.0,0.0,0.0,0.0,True,False,False
874,DNpe007,L,2,3.0,3,1,descending_neuron,True,False,0.43468974894703677,0.5757575757575757,0.5946969696969697,0.5075757575757576,0.5757575757575758,-0.5122636473804713,-1.0,1.0,0.0,0.0,0.0,0.0,True,False,False
875,DNpe007,R,2,3.0,3,1,descending_neuron,True,False,0.3260173117102776,0.5454545454545454,0.6666666666666667,0.6363636363636364,0.6363636363636364,-0.01079583792718828,-1.0,-1.0,0.0,0.0,0.0,0.0,True,False,True
876,DNpe008,L,2,2.0,2,9,descending_neuron,True,True,0.9297530741366287,0.9848484848484849,0.8939393939393939,0.9848484848484849,0.9431818181818182,0.8097541320585827,-1.0,-1.0,0.025925925925926664,0.014814814814811447,0.014814814814811447,0.014814814814811447,True,True,True
877,DNpe008,R,2,2.0,2,9,descending_neuron,True,True,1.0384255113733785,0.8863636363636364,0.6818181818181819,0.9204545454545454,0.7310606060606061,0.5066698710721015,-1.0,-1.0,0.02962962962963047,0.014814814814811447,0.022222222222217168,0.022222222222217168,True,False,True
878,DNpe009,L,2,2.2,2,5,descending_neuron,True,True,1.651821045998808,0.5795454545454546,0.7272727272727273,0.625,0.8939393939393939,0.4023492759040911,-1.0,-1.0,0.039999999999997725,0.03333333333333333,0.02666666666667273,0.02666666666667273,False,False,True
879,DNpe009,R,2,2.2,2,5,descending_neuron,True,True,1.5866175836568008,0.6098484848484849,0.5681818181818181,0.6477272727272727,0.5151515151515151,-0.17506066332211445,-1.0,-1.0,0.03333333333333144,0.02666666666667273,0.02666666666667273,0.02666666666667273,True,False,True
880,DNpe010,L,2,2.0,2,1,descending_neuron,True,True,2.3183453277175294,0.7272727272727273,0.8787878787878788,0.8181818181818182,0.8674242424242424,0.631906287004296,1.0,1.0,0.0,0.06666666666666667,0.06666666666666667,0.06666666666666667,True,False,True
881,DNpe010,R,2,2.0,2,1,descending_neuron,True,True,2.8254833681557403,0.6818181818181818,0.8484848484848485,0.6363636363636364,0.8181818181818182,0.37337405619660824,1.0,1.0,0.06666666666666667,0.06666666666666667,0.06666666666666667,0.06666666666666667,True,False,True
882,DNpe011,L,2,2.5,2,2,descending_neuron,True,False,0.0362241457455864,0.5454545454545454,0.5909090909090908,0.5454545454545454,0.5909090909090908,-0.06579516949597689,-1.0,-1.0,0.0,0.0,0.0,0.0,True,False,True
883,DNpe011,R,2,2.5,2,2,descending_neuron,True,False,0.0,0.5,0.5037878787878788,0.5,0.5037878787878788,0.0,0.0,-1.0,0.0,0.0,0.0,0.0,True,False,False
884,DNpe012,L,2,2.0,2,4,descending_neuron,True,True,0.5795863319293824,0.5,0.7689393939393939,0.5113636363636364,0.75,-0.03955842467199347,0.0,-1.0,0.016666666666666666,0.016666666666666666,0.016666666666666666,0.016666666666666666,True,False,False
885,DNpe012,R,2,2.0,2,4,descending_neuron,True,False,0.25356902021910477,0.5416666666666667,0.5568181818181819,0.7083333333333333,0.5681818181818181,0.35796065165857,-1.0,-1.0,0.016666666666666666,0.0,0.0,0.0,True,False,True
886,DNpe013,L,2,2.0,2,1,descending_neuron,True,True,0.9418277893852463,0.6742424242424242,0.6553030303030303,0.7045454545454546,0.5795454545454546,-0.006881838191787118,1.0,1.0,0.0,0.03333333333333333,0.0,0.0,True,False,True
887,DNpe013,R,2,2.0,2,1,descending_neuron,True,False,0.0724482914911728,0.5416666666666667,0.5,0.5,0.5416666666666666,0.7229988054812213,-1.0,0.0,0.0,0.0,0.0,0.0,True,False,False
888,DNpe014,L,2,2.0,2,2,descending_neuron,True,False,0.21734487447351838,0.7348484848484849,0.6931818181818181,0.6818181818181819,0.5909090909090908,0.016181738209458334,-1.0,-1.0,0.0,0.0,0.0,0.0,True,False,True
889,DNpe014,R,2,2.5,2,2,descending_neuron,True,False,0.18112072872793197,0.5492424242424243,0.6666666666666667,0.5946969696969697,0.6136363636363636,0.1298285318436991,-1.0,-1.0,0.0,0.0,0.0,0.0,True,False,True
890,DNpe015,L,2,2.1666666666666665,2,6,descending_neuron,True,True,7.0214469170209615,0.6818181818181819,0.5643939393939394,0.6098484848484849,0.5265151515151515,0.39439101023526213,-1.0,-1.0,0.1444444444444495,0.13333333333340153,0.14444444444428275,0.14444444444438886,True,False,True
891,DNpe015,R,2,2.0,2,5,descending_neuron,True,True,4.375876806066581,0.5340909090909092,0.5833333333333334,0.5871212121212122,0.5757575757575758,0.24235142802282714,-1.0,1.0,0.09333333333333181,0.08666666666665605,0.08000000000000303,0.08000000000000303,False,False,False
892,DNpe016,L,2,2.0,2,1,descending_neuron,True,True,3.332621408593952,0.5,0.5,0.5,0.5,0.0,0.0,0.0,0.06666666666666667,0.06666666666666667,0.06666666666666667,0.06666666666666667,True,False,False
893,DNpe016,R,2,2.0,2,1,descending_neuron,True,True,3.332621408593952,0.5,0.5,0.5,0.5,0.0,0.0,0.0,0.06666666666666667,0.06666666666666667,0.06666666666666667,0.06666666666666667,True,False,False
894,DNpe017,L,2,2.0,2,1,descending_neuron,True,False,0.36224145745586395,0.553030303030303,0.5416666666666667,0.5946969696969697,0.5,0.06212365249219369,-1.0,-1.0,0.0,0.0,0.0,0.0,True,False,True
895,DNpe017,R,2,2.0,2,1,descending_neuron,True,True,0.8331553521484871,0.5492424242424243,0.7083333333333333,0.5492424242424243,0.7727272727272727,0.31189745901433585,-1.0,-1.0,0.0,0.0,0.0,0.0,True,False,True
896,DNpe018,L,2,2.5,2,2,descending_neuron,True,True,1.2316209553499378,0.6515151515151515,0.6060606060606061,0.7727272727272727,0.6818181818181818,-2.466411009038303e-17,1.0,1.0,0.0,0.03333333333333333,0.03333333333333333,0.03333333333333333,True,False,True
897,DNpe018,R,2,2.0,2,1,descending_neuron,True,False,0.0,0.5,0.5,0.5,0.5,0.0,0.0,0.0,0.0,0.0,0.0,0.0,True,False,False
898,DNpe021,L,2,2.0,2,1,descending_neuron,True,True,2.3183453277175294,0.5037878787878788,0.5568181818181819,0.5151515151515151,0.6363636363636364,-0.1227061027269941,1.0,-1.0,0.06666666666666667,0.06666666666666667,0.06666666666666667,0.06666666666666667,True,False,False
899,DNpe021,R,2,2.0,2,1,descending_neuron,True,True,2.1734487447351833,0.5757575757575758,0.5871212121212122,0.5303030303030303,0.5037878787878788,-0.2347283416718402,1.0,-1.0,0.06666666666666667,0.06666666666666667,0.06666666666666667,0.06666666666666667,True,False,False
900,DNpe022,L,2,2.0,2,1,descending_neuron,True,False,0.0,0.5,0.5833333333333333,0.5,0.5454545454545454,0.0,0.0,-1.0,0.0,0.0,0.0,0.0,True,False,False
901,DNpe022,R,2,2.0,2,1,descending_neuron,True,False,0.18112072872793203,0.5833333333333333,0.5454545454545454,0.5416666666666666,0.5,-0.062123652492193676,-1.0,1.0,0.0,0.0,0.0,0.0,True,False,False
902,DNpe023,L,2,2.0,2,1,descending_neuron,True,False,0.0,0.5,0.5,0.5,0.5,0.0,0.0,0.0,0.0,0.0,0.0,0.0,True,False,False
903,DNpe023,R,2,3.0,3,1,descending_neuron,True,False,0.0,0.5,0.5,0.5,0.5,0.0,0.0,0.0,0.0,0.0,0.0,0.0,True,False,False
904,DNpe024,L,2,2.0,2,1,descending_neuron,True,True,1.0505002266220056,0.8295454545454546,0.6401515151515151,0.9166666666666666,0.6022727272727273,-0.32178743570997076,1.0,-1.0,0.0,0.06666666666666667,0.06666666666666667,0.03333333333333333,True,False,False
905,DNpe024,R,2,2.0,2,1,descending_neuron,True,True,0.6520346234205552,0.7537878787878788,0.625,0.75,0.571969696969697,0.04875149494180875,1.0,1.0,0.0,0.03333333333333333,0.0,0.0,True,False,True
906,DNpe025,L,2,2.0,2,1,descending_neuron,True,True,6.121880631004104,0.5833333333333334,0.5833333333333334,0.5946969696969697,0.5492424242424242,0.3612958206350503,1.0,1.0,0.13333333333333333,0.13333333333333333,0.13333333333333333,0.13333333333333333,True,False,True
907,DNpe025,R,2,2.0,2,1,descending_neuron,True,True,4.781587238417405,0.696969696969697,0.7613636363636364,0.6515151515151515,0.6818181818181818,0.006052691047767374,1.0,1.0,0.06666666666666667,0.13333333333333333,0.06666666666666667,0.06666666666666667,True,False,True
908,DNpe026,L,2,2.0,2,1,descending_neuron,True,False,1.1229485181131782,0.6704545454545454,0.6136363636363636,0.5757575757575758,0.5378787878787878,-0.12898077947996445,1.0,1.0,0.0,0.0,0.0,0.0,True,False,True
909,DNpe026,R,2,2.0,2,1,descending_neuron,True,False,0.1448965829823456,0.5,0.6590909090909091,0.5416666666666666,0.5833333333333334,0.0,0.0,1.0,0.0,0.0,0.0,0.0,True,False,False
910,DNpe027,L,2,2.0,2,1,descending_neuron,True,False,0.0724482914911728,0.5416666666666667,0.696969696969697,0.5,0.6666666666666666,0.05572089983649914,-1.0,1.0,0.0,0.0,0.0,0.0,True,False,False
911,DNpe027,R,2,2.0,2,1,descending_neuron,True,False,0.36224145745586395,0.625,0.5416666666666667,0.5833333333333334,0.5037878787878788,0.014705882352941175,1.0,-1.0,0.0,0.0,0.0,0.0,True,False,False
912,DNpe028,L,2,2.0,2,1,descending_neuron,True,False,0.3260173117102776,0.5378787878787878,0.5416666666666667,0.5833333333333334,0.5909090909090908,0.46905679710969167,1.0,-1.0,0.0,0.0,0.0,0.0,True,False,False
913,DNpe028,R,2,2.0,2,1,descending_neuron,True,False,0.0,0.5,0.5,0.5,0.5,0.0,0.0,0.0,0.0,0.0,0.0,0.0,True,False,False
914,DNpe029,L,2,3.0,3,2,descending_neuron,True,False,0.39846560320145036,0.5340909090909092,0.5606060606060606,0.553030303030303,0.6401515151515151,0.20392235912366927,-1.0,-1.0,0.0,0.0,0.0,0.0,True,False,True
915,DNpe029,R,2,2.5,2,2,descending_neuron,True,False,0.2897931659646912,0.7159090909090908,0.5757575757575758,0.6818181818181819,0.5757575757575758,-0.29295203621478394,-1.0,1.0,0.0,0.0,0.0,0.0,True,False,False
916,DNpe030,L,2,3.0,3,1,descending_neuron,True,False,0.21734487447351838,0.5416666666666666,0.5416666666666666,0.5416666666666666,0.5416666666666666,-0.5687964589945211,1.0,1.0,0.0,0.0,0.0,0.0,True,False,True
917,DNpe030,R,2,2.0,2,1,descending_neuron,True,False,0.21734487447351838,0.5416666666666666,0.5833333333333334,0.5416666666666666,0.5416666666666666,0.011357771260606369,1.0,1.0,0.0,0.0,0.0,0.0,True,False,True
918,DNpe031,L,2,2.0,2,2,descending_neuron,True,True,3.006604096883673,0.6856060606060606,0.6136363636363636,0.7083333333333333,0.5795454545454546,0.33018362529824874,-1.0,-1.0,0.06666666666666667,0.06666666666666667,0.06666666666666667,0.06666666666666667,True,False,True
919,DNpe031,R,2,2.0,2,2,descending_neuron,True,True,2.970379951138086,0.5075757575757576,0.5416666666666666,0.5795454545454546,0.5113636363636364,0.210915371933027,1.0,1.0,0.06666666666666667,0.06666666666666667,0.06666666666666667,0.06666666666666667,True,False,True
920,DNpe032,L,2,2.0,2,1,descending_neuron,True,True,2.7892592224101542,0.5606060606060606,0.6136363636363636,0.5492424242424242,0.5037878787878788,0.044268345916331366,1.0,1.0,0.06666666666666667,0.06666666666666667,0.06666666666666667,0.06666666666666667,True,False,True
921,DNpe032,R,2,2.0,2,1,descending_neuron,True,True,2.1372245989895973,0.678030303030303,0.8257575757575758,0.7121212121212122,0.7386363636363636,0.2487519267056817,1.0,1.0,0.0,0.06666666666666667,0.06666666666666667,0.06666666666666667,True,False,True
922,DNpe033,L,2,3.0,3,1,descending_neuron,True,True,6.085656485258519,0.6818181818181818,0.5378787878787878,0.6856060606060606,0.5075757575757576,-0.19954481129993418,1.0,-1.0,0.13333333333333333,0.13333333333333333,0.13333333333333333,0.13333333333333333,True,False,False
923,DNpe033,R,2,3.0,3,1,descending_neuron,True,True,4.129552614996853,0.5757575757575757,0.5681818181818182,0.5265151515151515,0.5757575757575758,0.0854763526047159,-1.0,1.0,0.06666666666666667,0.06666666666666667,0.06666666666666667,0.06666666666666667,True,False,False
924,DNpe034,L,2,3.0,3,1,descending_neuron,True,False,0.0,0.5,0.5,0.5,0.5,0.0,0.0,0.0,0.0,0.0,0.0,0.0,True,False,False
925,DNpe034,R,2,3.0,3,1,descending_neuron,True,False,0.0,0.5,0.5,0.5,0.5,0.0,0.0,0.0,0.0,0.0,0.0,0.0,True,False,False
926,DNpe035,L,2,3.0,3,1,descending_neuron,True,False,0.0724482914911728,0.5454545454545454,0.5416666666666666,0.5,0.5416666666666666,0.04545454545454546,1.0,1.0,0.0,0.0,0.0,0.0,True,False,True
927,DNpe035,R,2,2.0,2,1,descending_neuron,True,False,0.36224145745586395,0.5416666666666666,0.5378787878787878,0.5795454545454546,0.5378787878787878,-0.4457493532601149,1.0,-1.0,0.0,0.0,0.0,0.0,True,False,False
928,DNpe036,L,2,2.0,2,1,descending_neuron,True,True,3.0066040968836734,0.5340909090909091,0.5454545454545454,0.5037878787878788,0.5075757575757576,0.004854368932038834,1.0,1.0,0.06666666666666667,0.06666666666666667,0.06666666666666667,0.06666666666666667,True,False,True
929,DNpe036,R,2,2.0,2,1,descending_neuron,True,True,0.7969312064029007,0.5340909090909092,0.5909090909090909,0.5340909090909091,0.6628787878787878,-0.44077225548834836,-1.0,1.0,0.0,0.0,0.0,0.0,True,False,False
930,DNpe037,L,2,2.0,2,1,descending_neuron,True,False,0.5071380404382095,0.6931818181818182,0.5075757575757576,0.7083333333333334,0.5075757575757576,0.11029436104106954,1.0,-1.0,0.0,0.0,0.0,0.0,True,False,False
931,DNpe037,R,2,2.0,2,1,descending_neuron,True,False,0.0724482914911728,0.5454545454545454,0.6590909090909091,0.5,0.5833333333333334,0.0,1.0,1.0,0.0,0.0,0.0,0.0,True,False,True
932,DNpe039,L,2,2.0,2,1,descending_neuron,True,False,0.0724482914911728,0.5416666666666666,0.5,0.5416666666666666,0.5,0.0,1.0,0.0,0.0,0.0,0.0,0.0,True,False,False
933,DNpe039,R,2,2.0,2,1,descending_neuron,True,False,0.0,0.5,0.5,0.5,0.5,0.0,0.0,0.0,0.0,0.0,0.0,0.0,True,False,False
934,DNpe040,L,2,2.0,2,1,descending_neuron,True,True,1.2678451010955238,0.7348484848484849,0.7689393939393939,0.7272727272727273,0.7007575757575758,0.18228877159897983,1.0,1.0,0.0,0.06666666666666667,0.05,0.0,True,False,True
935,DNpe040,R,2,2.0,2,1,descending_neuron,True,True,2.3907936192087025,0.6022727272727273,0.6098484848484849,0.5757575757575757,0.571969696969697,-0.10296215897931203,-1.0,1.0,0.06666666666666667,0.06666666666666667,0.06666666666666667,0.06666666666666667,True,False,False
936,DNpe041,L,2,3.0,3,1,descending_neuron,True,False,0.0,0.5,0.5,0.5,0.5,0.0,0.0,0.0,0.0,0.0,0.0,0.0,True,False,False
937,DNpe041,R,2,3.0,3,1,descending_neuron,True,False,0.0,0.5,0.5,0.5,0.5,0.0,0.0,0.0,0.0,0.0,0.0,0.0,True,False,False
938,DNpe042,L,2,2.0,2,1,descending_neuron,True,True,2.6081384936822216,0.5,0.6856060606060606,0.5454545454545454,0.6136363636363636,-0.4942899681399211,0.0,1.0,0.06666666666666667,0.06666666666666667,0.06666666666666667,0.06666666666666667,True,False,False
939,DNpe042,R,2,2.0,2,1,descending_neuron,True,True,2.7530350766645677,0.5833333333333334,0.5833333333333334,0.553030303030303,0.5568181818181818,-0.04207180548497758,1.0,1.0,0.06666666666666667,0.06666666666666667,0.06666666666666667,0.06666666666666667,True,False,True
940,DNpe043,L,2,2.0,2,1,descending_neuron,True,True,3.6948628660498155,0.5416666666666666,0.5340909090909092,0.625,0.5416666666666666,0.04494484158103875,1.0,-1.0,0.06666666666666667,0.06666666666666667,0.06666666666666667,0.06666666666666667,True,False,False
941,DNpe043,R,2,2.0,2,1,descending_neuron,True,True,4.926483821399753,0.8181818181818182,0.8371212121212122,0.8674242424242424,0.8295454545454546,0.2703794262404952,1.0,1.0,0.06666666666666667,0.13333333333333333,0.06666666666666667,0.13333333333333333,True,True,True
942,DNpe045,L,2,2.0,2,1,descending_neuron,True,True,3.5137421373218833,0.625,0.6553030303030303,0.5416666666666666,0.5833333333333334,-0.03683547343418786,1.0,1.0,0.06666666666666667,0.06666666666666667,0.06666666666666667,0.06666666666666667,True,False,True
943,DNpe045,R,2,2.0,2,1,descending_neuron,True,True,4.346897489470372,0.6931818181818182,0.5340909090909092,0.7007575757575758,0.6590909090909091,0.18148009846511992,1.0,-1.0,0.06666666666666667,0.13333333333333333,0.06666666666666667,0.06666666666666667,True,False,False
944,DNpe048,L,2,2.0,2,1,descending_neuron,True,False,0.36224145745586395,0.5378787878787878,0.5833333333333334,0.5037878787878788,0.625,-0.3034884893334419,-1.0,1.0,0.0,0.0,0.0,0.0,True,False,False
945,DNpe048,R,2,2.0,2,1,descending_neuron,True,False,0.43468974894703677,0.5833333333333333,0.5378787878787878,0.5946969696969697,0.5378787878787878,0.2096648042556039,-1.0,-1.0,0.0,0.0,0.0,0.0,True,False,True
946,DNpe049,L,2,3.0,3,1,descending_neuron,True,False,0.0,0.5,0.5,0.5,0.5,0.0,0.0,0.0,0.0,0.0,0.0,0.0,True,False,False
947,DNpe049,R,2,3.0,3,1,descending_neuron,True,False,0.0,0.5,0.5,0.5,0.5,0.0,0.0,0.0,0.0,0.0,0.0,0.0,True,False,False
948,DNpe050,L,2,2.0,2,1,descending_neuron,True,True,1.7749831415337332,0.8939393939393939,0.9318181818181818,0.9090909090909091,0.9090909090909091,0.47330281705888616,1.0,1.0,0.0,0.06666666666666667,0.06666666666666667,0.06666666666666667,True,True,True
949,DNpe050,R,2,2.0,2,1,descending_neuron,True,True,2.028552161752838,0.8484848484848485,0.75,0.8181818181818182,0.7348484848484849,0.22764611497641146,1.0,1.0,0.0,0.06666666666666667,0.06666666666666667,0.06666666666666667,True,False,True
950,DNpe052,L,2,2.0,2,1,descending_neuron,True,False,0.0724482914911728,0.5454545454545454,0.5,0.5,0.5378787878787878,0.04545454545454545,1.0,0.0,0.0,0.0,0.0,0.0,True,False,False
951,DNpe052,R,2,2.0,2,1,descending_neuron,True,False,0.0,0.5,0.5,0.5,0.5,0.0,0.0,0.0,0.0,0.0,0.0,0.0,True,False,False
952,DNpe053,L,2,2.0,2,1,descending_neuron,True,True,3.0790523883748464,0.5909090909090908,0.5909090909090909,0.5,0.5909090909090909,-0.3122880233435307,-1.0,1.0,0.06666666666666667,0.06666666666666667,0.06666666666666667,0.06666666666666667,True,False,False
953,DNpe053,R,2,2.0,2,1,descending_neuron,True,True,3.332621408593952,0.5,0.5,0.5,0.5,0.0,0.0,0.0,0.06666666666666667,0.06666666666666667,0.06666666666666667,0.06666666666666667,True,False,False
954,DNpe054,L,2,2.0,2,4,descending_neuron,True,True,2.7439790402281705,0.625,0.5075757575757576,0.7159090909090908,0.5151515151515151,0.2777551217818505,-1.0,1.0,0.06666666666666667,0.05,0.06666666666666667,0.058333333333333334,True,False,False
955,DNpe054,R,2,2.0,2,4,descending_neuron,True,True,2.626250566555014,0.7462121212121212,0.5340909090909091,0.75,0.5340909090909091,-0.01562690769794983,-1.0,1.0,0.06666666666666667,0.05,0.05,0.05,True,False,False
956,DNpe055,L,2,2.0,2,1,descending_neuron,True,True,1.8836555787704925,0.8106060606060606,0.7575757575757576,0.8522727272727273,0.7916666666666666,0.7930873281040339,-1.0,-1.0,0.06666666666666667,0.0,0.06666666666666667,0.06666666666666667,True,False,True
957,DNpe055,R,2,2.0,2,1,descending_neuron,True,True,2.3907936192087025,0.7310606060606061,0.6363636363636364,0.7045454545454546,0.6628787878787878,0.09553525070351845,-1.0,-1.0,0.06666666666666667,0.03333333333333333,0.06666666666666667,0.06666666666666667,True,False,True
958,DNpe056,L,2,2.0,2,1,descending_neuron,True,True,10.070312517273019,0.5454545454545454,0.5,0.5454545454545454,0.5,0.6352234031660235,-1.0,0.0,0.2,0.2,0.2,0.2,True,False,False
959,DNpe056,R,2,2.0,2,1,descending_neuron,True,True,9.744295205562743,0.5833333333333333,0.5833333333333333,0.5340909090909092,0.5378787878787878,0.9441977726950347,-1.0,-1.0,0.2,0.2,0.2,0.2,True,False,True
960,DNxl114,L,2,3.0,3,1,descending_neuron,True,False,0.0,0.5,0.5454545454545454,0.5,0.5454545454545454,0.0,0.0,-1.0,0.0,0.0,0.0,0.0,True,False,False
961,DNxl114,R,2,3.0,3,1,descending_neuron,True,False,0.0,0.5,0.5,0.5,0.5,0.0,0.0,0.0,0.0,0.0,0.0,0.0,True,False,False
962,MDN,L,2,2.0,2,2,descending_neuron,True,False,0.10867243723675919,0.5492424242424243,0.5,0.5492424242424243,0.5,0.0,-1.0,0.0,0.0,0.0,0.0,0.0,True,False,False
963,MDN,R,2,2.5,2,2,descending_neuron,True,False,0.0724482914911728,0.5,0.6174242424242424,0.5416666666666666,0.5492424242424243,-0.31761170158301183,0.0,-1.0,0.0,0.0,0.0,0.0,True,False,False
964,aSP22,L,2,2.0,2,1,descending_neuron,True,False,0.0,0.5,0.5,0.5,0.5,0.0,0.0,0.0,0.0,0.0,0.0,0.0,True,False,False
965,aSP22,R,2,2.0,2,1,descending_neuron,True,False,0.0,0.5,0.5,0.5,0.5,0.0,0.0,0.0,0.0,0.0,0.0,0.0,True,False,False
966,pIP1,L,2,2.0,2,1,descending_neuron,True,False,0.0,0.5,0.5,0.5,0.5,0.0,0.0,0.0,0.0,0.0,0.0,0.0,True,False,False
967,pIP1,R,2,2.0,2,1,descending_neuron,True,False,0.0,0.5,0.5,0.5,0.5,0.0,0.0,0.0,0.0,0.0,0.0,0.0,True,False,False
968,pIP10,L,2,2.0,2,1,descending_neuron,True,False,0.0,0.5,0.5,0.5,0.5,0.0,0.0,0.0,0.0,0.0,0.0,0.0,True,False,False
969,pIP10,R,2,3.0,3,1,descending_neuron,True,False,0.0,0.5,0.5,0.5,0.5,0.0,0.0,0.0,0.0,0.0,0.0,0.0,True,False,False
970,pMP2,L,2,2.0,2,1,descending_neuron,True,False,0.0,0.5,0.5,0.5,0.5,0.0,0.0,0.0,0.0,0.0,0.0,0.0,True,False,False
971,pMP2,R,2,2.0,2,1,descending_neuron,True,False,0.0,0.5,0.5,0.5,0.5,0.0,0.0,0.0,0.0,0.0,0.0,0.0,True,False,False
972,ALL_depth1,L,1,1.0,-1,10033,aggregate,False,False,0.7281764563348013,0.5757575757575758,0.6666666666666666,0.6363636363636364,0.6666666666666666,0.8500683375008553,1.0,1.0,0.014658294295491696,0.015028738496290354,0.01527293265557681,0.014787866706536097,False,False,True
973,ALL_depth1,R,1,1.0,-1,11049,aggregate,False,False,0.642133553626723,0.6136363636363636,0.7196969696969697,0.5227272727272727,0.6060606060606061,0.7611155250205944,-1.0,-1.0,0.012948381452318594,0.013139952333542246,0.012824690017195432,0.012578815579088598,False,False,True
